date,campaign_name,campaign_level,campaign_category,channel,delivery_type,campaign_detail,sent,delivered,impressions,clicks,revenue,cost
2023-10-07,비정기_신상품_push_자동_신규 매장 개장 D-DAY,비정기,신상품,push,자동,신규 매장 개장 D-DAY,49300,49197,0,1335,1104180.0,
2023-10-07,비정기_라플_kakao_자동_특별 전시 할인 이벤트,비정기,라플,kakao,자동,특별 전시 할인 이벤트,380247,376445,0,0,103277685.75,5646675.0
2023-10-07,비정기_라플_push_자동_특별 전시 할인 이벤트,비정기,라플,push,자동,특별 전시 할인 이벤트,142591,142407,0,18046,4788840.0,
2023-10-08,비정기_라플_iam_자동_특별 전시 할인 이벤트,비정기,라플,iam,자동,특별 전시 할인 이벤트,0,0,543636,0,136313048.0,
2023-10-09,비정기_타겟팅_push_수동_플레이스테이션 도착 알림,비정기,타겟팅,push,수동,플레이스테이션 도착 알림,10930,10918,0,2367,31589765.0,
2023-10-10,비정기_라플_kakao_자동_패스트캠퍼스 설문 조사 참여 유도,비정기,라플,kakao,자동,패스트캠퍼스 설문 조사 참여 유도,343785,340348,0,0,76067778.0,5105220.0
2023-10-10,비정기_라플_push_자동_패스트캠퍼스 설문 조사 참여 유도,비정기,라플,push,자동,패스트캠퍼스 설문 조사 참여 유도,134070,133773,0,33707,14733262.0,
2023-10-11,비정기_콘텐츠_iam_자동_패스트캠퍼스 특별 전시회 정보,비정기,콘텐츠,iam,자동,패스트캠퍼스 특별 전시회 정보,0,0,72662,0,245115312.0,
2023-10-11,비정기_콘텐츠_push_자동_상품 출시 블리츠 이벤트,비정기,콘텐츠,push,자동,상품 출시 블리츠 이벤트,152267,151459,0,11737,8394010.0,
2023-10-11,비정기_콘텐츠_push_자동_패스트캠퍼스 특별 전시회 정보,비정기,콘텐츠,push,자동,패스트캠퍼스 특별 전시회 정보,11964,11882,0,1152,1756056.0,
2023-10-12,비정기_콘텐츠_push_자동_캐리히트 캠프 캡 구매 촉진,비정기,콘텐츠,push,자동,캐리히트 캠프 캡 구매 촉진,11261,11191,0,985,3059338.0,
2023-10-12,비정기_타겟팅_push_수동_양키 캡과 스니커즈 할인 특가,비정기,타겟팅,push,수동,양키 캡과 스니커즈 할인 특가,14374,14370,0,3978,14012544.0,
2023-10-12,정기_신규고객_iam_수동_웹 앱 안내 가이드,정기,신규고객,iam,수동,웹 앱 안내 가이드,0,0,788073,0,3738061906.0,
2023-10-13,비정기_신상품_push_자동_캘리브레이트 이벤트 소식,비정기,신상품,push,자동,캘리브레이트 이벤트 소식,11594,11506,0,857,8834080.0,
2023-10-13,정기_타겟팅_push_수동_스토어 업데이트 알림,정기,타겟팅,push,수동,마스터마인드 협업 이벤트,36,36,0,11,0.0,
2023-10-14,비정기_콘텐츠_push_자동_마스터마인드 협업 이벤트,비정기,콘텐츠,push,자동,로버트 마코피스 협업 특가,6097,6093,0,842,2344212.0,
2023-10-17,비정기_프로모션_sms_자동_로버트 마코피스 협업 특가,비정기,프로모션,sms,자동,로버트 마코피스 협업 특가,1336,1323,0,0,105972.3,39690.0
2023-10-17,비정기_프로모션_push_자동_로버트 마코피스 협업 특가,비정기,프로모션,push,자동,고객 만족도 조사 안내,883,883,0,216,3957408.0,
2023-10-17,비정기_라플_kakao_자동_고객 만족도 조사 안내,비정기,라플,kakao,자동,신규 상품 소개 특가,203170,201139,0,0,21149765.85,3017085.0
2023-10-17,비정기_라플_kakao_자동_신규 상품 소개 특가,비정기,라플,kakao,자동,신규 상품 소개 특가,15520,15364,0,0,783564.0,230460.0
2023-10-17,비정기_라플_sms_자동_신규 상품 소개 특가,비정기,라플,sms,자동,고객 만족도 조사 안내,177340,175568,0,0,41872968.0,5267040.0
2023-10-17,비정기_라플_push_자동_고객 만족도 조사 안내,비정기,라플,push,자동,신규 상품 소개 특가,19406,19368,0,6568,35672460.0,
2023-10-17,비정기_라플_push_자동_신규 상품 소개 특가,비정기,라플,push,자동,엔트리 및 이벤트 공지,10509,10509,0,5730,1301105260.0,
2023-10-17,비정기_라플_push_자동_엔트리 및 이벤트 공지,비정기,라플,push,자동,패스트캠퍼스 멤버십 혜택,133694,133564,0,30525,1021432146.0,
2023-10-18,비정기_콘텐츠_push_자동_패스트캠퍼스 멤버십 혜택,비정기,콘텐츠,push,자동,한글 데이 스페셜 런칭,146541,145963,0,11832,78828586.0,
2023-10-19,비정기_콘텐츠_push_자동_한글 데이 스페셜 런칭,비정기,콘텐츠,push,자동,겨울 아우터웨어 특별 할인,63361,63156,0,12967,23740160.0,
2023-10-19,비정기_신상품_push_자동_겨울 아우터웨어 특별 할인,비정기,신상품,push,자동,온라인 쇼핑 카트 테스트,11842,11783,0,1407,2563384.0,
2023-10-20,비정기_타겟팅_push_수동_온라인 쇼핑 카트 테스트,비정기,타겟팅,push,수동,패스트캠퍼스 신규 가입 혜택,6242,6240,0,1255,5206250.0,
2023-10-20,비정기_타겟팅_push_수동_패스트캠퍼스 신규 가입 혜택,비정기,타겟팅,push,수동,캐리히트와 쿼터 스낵 협업 특가,698,698,0,193,5925309.0,
2023-10-20,비정기_프로모션_kakao_자동_캐리히트와 쿼터 스낵 협업 특가,비정기,프로모션,kakao,자동,지오메트릭 패턴 특집 기사,1723,1706,0,0,469832.4,25590.0
2023-10-20,비정기_프로모션_push_자동_지오메트릭 패턴 특집 기사,비정기,프로모션,push,자동,품목 추천 가죽 아이템,863,863,0,212,1411476.0,
2023-10-21,비정기_프로모션_iam_수동_품목 추천 가죽 아이템,비정기,프로모션,iam,수동,매장 방문 감사 쿠폰 이벤트,0,0,11514,0,78058350.0,
2023-10-21,비정기_프로모션_iam_수동_매장 방문 감사 쿠폰 이벤트,비정기,프로모션,iam,수동,매장 방문 감사 쿠폰 이벤트,0,0,272768,0,553640974.0,
2023-10-21,비정기_프로모션_kakao_자동_매장 방문 감사 쿠폰 이벤트,비정기,프로모션,kakao,자동,매장 방문 감사 쿠폰 이벤트,320098,316897,0,0,33274185.0,4753455.0
2023-10-21,비정기_프로모션_push_자동_매장 방문 감사 쿠폰 이벤트,비정기,프로모션,push,자동,남성용 신상 신발 아티클,169426,169210,0,7075,41390108.0,
2023-10-24,비정기_콘텐츠_kakao_자동_남성용 신상 신발 아티클,비정기,콘텐츠,kakao,자동,남성용 신상 신발 아티클,17770,17593,0,0,915715.65,263895.0
2023-10-24,비정기_콘텐츠_push_자동_남성용 신상 신발 아티클,비정기,콘텐츠,push,자동,여성용 신상 신발 아티클,12452,12359,0,948,2075008.0,
2023-10-24,비정기_프로모션_iam_자동_여성용 신상 신발 아티클,비정기,프로모션,iam,자동,패션 페스티벌 할인 이벤트,0,0,4219,0,274422874.0,
2023-10-24,비정기_라플_kakao_자동_패션 페스티벌 할인 이벤트,비정기,라플,kakao,자동,패션 페스티벌 할인 이벤트,220371,218168,0,0,60443444.4,3272520.0
2023-10-24,비정기_라플_push_자동_패션 페스티벌 할인 이벤트,비정기,라플,push,자동,프로모션 할인 코드 공지,87564,87502,0,45592,92701440.0,
2023-10-26,비정기_콘텐츠_iam_수동_프로모션 할인 코드 공지,비정기,콘텐츠,iam,수동,프로모션 할인 코드 공지,0,0,442,0,33605414.0,
2023-10-26,비정기_콘텐츠_kakao_자동_프로모션 할인 코드 공지,비정기,콘텐츠,kakao,자동,프로모션 할인 코드 공지,1376,1363,0,0,153337.5,20445.0
2023-10-26,비정기_콘텐츠_push_자동_프로모션 할인 코드 공지,비정기,콘텐츠,push,자동,케너드 설정 알림,2441,2439,0,378,3238656.0,
2023-10-26,비정기_신상품_kakao_자동_케너드 설정 알림,비정기,신상품,kakao,자동,케너드 설정 알림,308254,305172,0,0,91139617.8,4577580.0
2023-10-26,비정기_신상품_push_자동_케너드 설정 알림,비정기,신상품,push,자동,서버 점검 정보 안내,172099,171919,0,7373,22213028.0,
2023-10-27,비정기_콘텐츠_iam_수동_서버 점검 정보 안내,비정기,콘텐츠,iam,수동,바시티 자켓 편집 기사,0,0,5994,0,90667492.0,
2023-10-27,비정기_콘텐츠_iam_수동_바시티 자켓 편집 기사,비정기,콘텐츠,iam,수동,웹에서 앱 이용 안내,0,0,11136,0,113612008.0,
2023-10-27,비정기_콘텐츠_kakao_자동_웹에서 앱 이용 안내,비정기,콘텐츠,kakao,자동,캘리브레이트 아티클 소식,254212,251670,0,0,41034793.5,3775050.0
2023-10-27,비정기_콘텐츠_kakao_자동_캘리브레이트 아티클 소식,비정기,콘텐츠,kakao,자동,웹에서 앱 이용 안내,159132,157541,0,0,24316453.35,2363115.0
2023-10-27,비정기_콘텐츠_push_자동_웹에서 앱 이용 안내,비정기,콘텐츠,push,자동,캘리브레이트 아티클 소식,105510,105378,0,4418,9583050.0,
2023-10-27,비정기_콘텐츠_push_자동_캘리브레이트 아티클 소식,비정기,콘텐츠,push,자동,설문조사 참여 유도 이벤트,59310,59179,0,1751,1413448.0,
2023-10-27,비정기_프로모션_iam_자동_설문조사 참여 유도 이벤트,비정기,프로모션,iam,자동,성수 지점 협업 이벤트,0,0,3994,0,58265757.0,
2023-10-28,비정기_콘텐츠_iam_수동_성수 지점 협업 이벤트,비정기,콘텐츠,iam,수동,성수 지점 협업 이벤트,0,0,36359,0,191432193.0,
2023-10-28,비정기_콘텐츠_kakao_자동_성수 지점 협업 이벤트,비정기,콘텐츠,kakao,자동,패션 협업 프로모션,40715,40308,0,0,9141854.4,604620.0
2023-10-28,비정기_콘텐츠_kakao_자동_패션 협업 프로모션,비정기,콘텐츠,kakao,자동,성수 지점 협업 이벤트,352844,349316,0,0,69374157.6,5239740.0
2023-10-28,비정기_콘텐츠_push_자동_성수 지점 협업 이벤트,비정기,콘텐츠,push,자동,패션 협업 프로모션,11712,11626,0,1192,2005584.0,
2023-10-28,비정기_콘텐츠_push_자동_패션 협업 프로모션,비정기,콘텐츠,push,자동,패션 컬렉션 정보,166981,166797,0,6351,7445394.0,
2023-10-28,비정기_기타_iam_자동_패션 컬렉션 정보,비정기,기타,iam,자동,시스템 업데이트 공지사항,0,0,132172,0,133470160.0,
2023-11-07,비정기_콘텐츠_kakao_자동_시스템 업데이트 공지사항,비정기,콘텐츠,kakao,자동,시스템 업데이트 공지사항,410,406,0,0,57672.3,6090.0
2023-11-07,비정기_콘텐츠_push_자동_시스템 업데이트 공지사항,비정기,콘텐츠,push,자동,사용자 경험 개선 안내,4970,4970,0,755,7724490.0,
2023-11-09,비정기_콘텐츠_iam_수동_멤버십 혜택 특가,비정기,콘텐츠,iam,수동,멤버십 혜택 특가,0,0,10333,0,52250635.0,
2023-11-09,비정기_콘텐츠_kakao_자동_멤버십 혜택 특가,비정기,콘텐츠,kakao,자동,멤버십 혜택 특가,42680,42254,0,0,2642987.7,633810.0
2023-11-09,비정기_콘텐츠_push_자동_멤버십 혜택 특가,비정기,콘텐츠,push,자동,신상품 런칭 특가 이벤트,11712,11635,0,730,2871255.0,
2023-11-09,비정기_프로모션_iam_수동_신상품 런칭 특가 이벤트,비정기,프로모션,iam,수동,신상품 런칭 특가 이벤트,0,0,85328,0,539397952.0,
2023-11-09,비정기_프로모션_kakao_자동_신상품 런칭 특가 이벤트,비정기,프로모션,kakao,자동,신상품 런칭 특가 이벤트,439851,435453,0,0,86938191.45,6531795.0
2023-11-09,비정기_프로모션_push_자동_신상품 런칭 특가 이벤트,비정기,프로모션,push,자동,프리미엄 패션 브랜드 이벤트,168037,167815,0,11112,16086528.0,
2023-11-11,비정기_콘텐츠_iam_수동_프리미엄 패션 브랜드 이벤트,비정기,콘텐츠,iam,수동,프리미엄 패션 브랜드 이벤트,0,0,100492,0,507673213.0,
2023-11-11,비정기_콘텐츠_push_자동_프리미엄 패션 브랜드 이벤트,비정기,콘텐츠,push,자동,프리미엄 패션 브랜드 이벤트,115054,114968,0,7211,101540560.0,
2023-11-12,비정기_콘텐츠_kakao_자동_프리미엄 패션 브랜드 이벤트,비정기,콘텐츠,kakao,자동,이벤트 참여 안내,368385,364701,0,0,91357600.5,5470515.0
2023-11-12,비정기_콘텐츠_kakao_자동_이벤트 참여 안내,비정기,콘텐츠,kakao,자동,세일 특가 상품 소식,38795,38407,0,0,3272276.4,576105.0
2023-11-12,비정기_콘텐츠_kakao_자동_세일 특가 상품 소식,비정기,콘텐츠,kakao,자동,이벤트 참여 안내,9149,9058,0,0,2095115.4,135870.0
2023-11-12,비정기_콘텐츠_push_자동_이벤트 참여 안내,비정기,콘텐츠,push,자동,세일 특가 상품 소식,3998,3991,0,678,3774960.0,
2023-11-12,비정기_콘텐츠_push_자동_세일 특가 상품 소식,비정기,콘텐츠,push,자동,신상 가죽 아이템 소개,5113,5109,0,556,17814240.0,
2023-11-14,비정기_콘텐츠_kakao_자동_신상 가죽 아이템 소개,비정기,콘텐츠,kakao,자동,오늘의 추천 아이템,13176,13044,0,0,2921203.8,195660.0
2023-11-14,비정기_콘텐츠_kakao_자동_오늘의 추천 아이템,비정기,콘텐츠,kakao,자동,신상 가죽 아이템 소개,7101,7030,0,0,2095291.5,105450.0
2023-11-14,비정기_콘텐츠_push_자동_신상 가죽 아이템 소개,비정기,콘텐츠,push,자동,오늘의 추천 아이템,9990,9984,0,846,5779756.0,
2023-11-14,비정기_콘텐츠_push_자동_오늘의 추천 아이템,비정기,콘텐츠,push,자동,패션 트렌드 업데이트,1348,1344,0,76,285360.0,
2023-11-15,비정기_기타_iam_수동_패션 트렌드 업데이트,비정기,기타,iam,수동,월간 패션 편집 기사,0,0,27663,0,230726461.0,
2023-11-15,비정기_프로모션_iam_수동_월간 패션 편집 기사,비정기,프로모션,iam,수동,가을 패션 페스티벌 정보,0,0,31348,0,94951261.0,
2023-11-15,비정기_프로모션_iam_수동_가을 패션 페스티벌 정보,비정기,프로모션,iam,수동,홈페이지 업데이트 공지,0,0,23757,0,300920000.0,
2023-11-15,비정기_프로모션_iam_수동_홈페이지 업데이트 공지,비정기,프로모션,iam,수동,가을 패션 페스티벌 정보,0,0,9450,0,50535459.0,
2023-11-15,비정기_프로모션_kakao_자동_가을 패션 페스티벌 정보,비정기,프로모션,kakao,자동,홈페이지 업데이트 공지,15068,14918,0,0,2580068.1,223770.0
2023-11-15,비정기_프로모션_kakao_자동_홈페이지 업데이트 공지,비정기,프로모션,kakao,자동,월간 패션 편집 기사,8047,7967,0,0,1192659.9,119505.0
2023-11-15,비정기_프로모션_push_자동_월간 패션 편집 기사,비정기,프로모션,push,자동,가을 패션 페스티벌 정보,13458,13450,0,2247,32218400.0,
2023-11-15,비정기_프로모션_push_자동_가을 패션 페스티벌 정보,비정기,프로모션,push,자동,홈페이지 업데이트 공지,8205,8205,0,1706,58528416.0,
2023-11-15,비정기_프로모션_push_자동_홈페이지 업데이트 공지,비정기,프로모션,push,자동,톱셀러 아이템 소식,4416,4414,0,415,10985832.0,
2023-11-15,정기_신규고객_iam_수동_톱셀러 아이템 소식,정기,신규고객,iam,수동,월간 할인 이벤트,0,0,340145,0,2097262890.0,
2023-11-16,비정기_콘텐츠_kakao_자동_월간 할인 이벤트,비정기,콘텐츠,kakao,자동,매장 방문 안내,44494,44050,0,0,9594090.0,660750.0
2023-11-16,비정기_콘텐츠_kakao_자동_매장 방문 안내,비정기,콘텐츠,kakao,자동,월간 할인 이벤트,45417,44963,0,0,10190863.95,674445.0
2023-11-16,비정기_콘텐츠_push_자동_월간 할인 이벤트,비정기,콘텐츠,push,자동,매장 방문 안내,4823,4817,0,339,2369100.0,
2023-11-16,비정기_콘텐츠_push_자동_매장 방문 안내,비정기,콘텐츠,push,자동,신규 회원 가입 혜택,4805,4792,0,521,4376918.0,
2023-11-16,비정기_신상품_kakao_자동_신규 회원 가입 혜택,비정기,신상품,kakao,자동,신규 회원 가입 혜택,429449,425155,0,0,26593445.25,6377325.0
2023-11-16,비정기_신상품_push_자동_신규 회원 가입 혜택,비정기,신상품,push,자동,캠핑용 캡 구매 촉진,134912,134801,0,9444,20978112.0,
2023-11-16,비정기_프로모션_iam_수동_캠핑용 캡 구매 촉진,비정기,프로모션,iam,수동,캠핑 특가 아이템 소식,0,0,744,0,51673337.0,
2023-11-16,비정기_프로모션_iam_수동_캠핑 특가 아이템 소식,비정기,프로모션,iam,수동,남성 패션 스타일 팁,0,0,410,0,21205323.0,
2023-11-17,비정기_콘텐츠_iam_수동_남성 패션 스타일 팁,비정기,콘텐츠,iam,수동,남성 패션 스타일 팁,0,0,4922,0,83077854.0,
2023-11-17,비정기_콘텐츠_kakao_자동_남성 패션 스타일 팁,비정기,콘텐츠,kakao,자동,남성 패션 스타일 팁,41657,41241,0,0,6371734.5,618615.0
2023-11-17,비정기_콘텐츠_push_자동_남성 패션 스타일 팁,비정기,콘텐츠,push,자동,여성 패션 스타일 팁,4898,4888,0,440,3403320.0,
2023-11-17,비정기_프로모션_iam_수동_여성 패션 스타일 팁,비정기,프로모션,iam,수동,오늘의 패션 추천,0,0,9680,0,105696061.0,
2023-11-17,비정기_프로모션_iam_수동_오늘의 패션 추천,비정기,프로모션,iam,수동,패션 액세서리 특가,0,0,9838,0,132899474.0,
2023-11-17,비정기_프로모션_iam_수동_패션 액세서리 특가,비정기,프로모션,iam,수동,가을 새로운 패션 아이템,0,0,4982,0,60304197.0,
2023-11-17,비정기_프로모션_iam_수동_가을 새로운 패션 아이템,비정기,프로모션,iam,수동,토드 스니커즈 할인,0,0,6953,0,100655654.0,
2023-11-18,비정기_라플_iam_자동_토드 스니커즈 할인,비정기,라플,iam,자동,선택할 수 있는 스타일,0,0,185515,0,57040402.0,
2023-11-18,비정기_라플_kakao_자동_선택할 수 있는 스타일,비정기,라플,kakao,자동,선택할 수 있는 스타일,392155,388234,0,0,37561639.5,5823510.0
2023-11-18,비정기_라플_push_자동_선택할 수 있는 스타일,비정기,라플,push,자동,토드 스니커즈 할인,134732,134600,0,20177,0.0,
2023-11-19,비정기_라플_kakao_자동_토드 스니커즈 할인,비정기,라플,kakao,자동,토드 스니커즈 할인,378948,375159,0,0,48339237.15,5627385.0
2023-11-19,비정기_라플_push_자동_토드 스니커즈 할인,비정기,라플,push,자동,인기 아이템 특가,104614,104499,0,24953,15094068.0,
2023-11-20,비정기_라플_kakao_자동_인기 아이템 특가,비정기,라플,kakao,자동,인기 아이템 특가,292422,289498,0,0,28964274.9,4342470.0
2023-11-20,비정기_라플_push_자동_인기 아이템 특가,비정기,라플,push,자동,신상품 런칭 소식,82574,82459,0,6891,6022350.0,
2023-11-21,비정기_신상품_kakao_자동_신상품 런칭 소식,비정기,신상품,kakao,자동,옷장 재정비 이벤트,4591,4546,0,0,1097859.0,68190.0
2023-11-21,비정기_신상품_kakao_자동_옷장 재정비 이벤트,비정기,신상품,kakao,자동,맞춤 패션 추천,12031,11911,0,0,3133784.1,178665.0
2023-11-21,비정기_신상품_kakao_자동_맞춤 패션 추천,비정기,신상품,kakao,자동,패션 브랜드 소개,6626,6560,0,0,659280.0,98400.0
2023-11-21,비정기_신상품_kakao_자동_패션 브랜드 소개,비정기,신상품,kakao,자동,신상품 런칭 소식,5169,5118,0,0,494398.8,76770.0
2023-11-21,비정기_신상품_push_자동_신상품 런칭 소식,비정기,신상품,push,자동,옷장 재정비 이벤트,2454,2447,0,530,1994392.0,
2023-11-21,비정기_신상품_push_자동_옷장 재정비 이벤트,비정기,신상품,push,자동,맞춤 패션 추천,407,405,0,57,746640.0,
2023-11-21,비정기_신상품_push_자동_맞춤 패션 추천,비정기,신상품,push,자동,패션 브랜드 소개,7020,6993,0,978,5791988.0,
2023-11-21,비정기_신상품_push_자동_패션 브랜드 소개,비정기,신상품,push,자동,쇼핑 이벤트 특가,1902,1890,0,247,987063.0,
2023-11-21,비정기_프로모션_kakao_자동_쇼핑 이벤트 특가,비정기,프로모션,kakao,자동,쇼핑 이벤트 특가,45170,44719,0,0,2763634.2,670785.0
2023-11-21,비정기_프로모션_push_자동_쇼핑 이벤트 특가,비정기,프로모션,push,자동,액세서리 특가 할인,22771,22755,0,3806,96659873.0,
2023-11-21,비정기_라플_kakao_자동_액세서리 특가 할인,비정기,라플,kakao,자동,신상 캠핑 아이템,117896,116717,0,0,22567231.95,1750755.0
2023-11-21,비정기_라플_kakao_자동_신상 캠핑 아이템,비정기,라플,kakao,자동,액세서리 특가 할인,56,56,0,0,8089.2,840.0
2023-11-21,비정기_라플_sms_자동_액세서리 특가 할인,비정기,라플,sms,자동,액세서리 특가 할인,5151,5100,0,0,944010.0,153000.0
2023-11-21,비정기_라플_push_자동_액세서리 특가 할인,비정기,라플,push,자동,신상 캠핑 아이템,63821,63657,0,19252,12063898.0,
2023-11-21,비정기_라플_push_자동_신상 캠핑 아이템,비정기,라플,push,자동,캠핑용품 할인 이벤트,63,63,0,44,9313200.0,
2023-11-21,비정기_라플_push_자동_캠핑용품 할인 이벤트,비정기,라플,push,자동,남성용 패션 브랜드,70571,70447,0,10626,14671280.0,
2023-11-22,비정기_콘텐츠_iam_수동_남성용 패션 브랜드,비정기,콘텐츠,iam,수동,여성용 패션 브랜드,0,0,27218,0,350689825.0,
2023-11-22,비정기_콘텐츠_kakao_자동_여성용 패션 브랜드,비정기,콘텐츠,kakao,자동,편안한 캠핑용품,45069,44619,0,0,5929865.1,669285.0
2023-11-22,비정기_콘텐츠_kakao_자동_편안한 캠핑용품,비정기,콘텐츠,kakao,자동,여성용 패션 브랜드,408266,404183,0,0,39589724.85,6062745.0
2023-11-22,비정기_콘텐츠_push_자동_여성용 패션 브랜드,비정기,콘텐츠,push,자동,편안한 캠핑용품,4417,4407,0,342,2485080.0,
2023-11-22,비정기_콘텐츠_push_자동_편안한 캠핑용품,비정기,콘텐츠,push,자동,캠핑 용품 소식,150099,149513,0,6233,9160096.0,
2023-11-23,비정기_콘텐츠_kakao_자동_캠핑 용품 소식,비정기,콘텐츠,kakao,자동,캠핑 용품 소식,140,139,0,0,37404.9,2085.0
2023-11-23,비정기_콘텐츠_push_자동_캠핑 용품 소식,비정기,콘텐츠,push,자동,패션 업데이트 소식,120,118,0,6,0.0,
2023-11-24,비정기_프로모션_iam_수동_패션 업데이트 소식,비정기,프로모션,iam,수동,매장 이용 안내,0,0,10868,0,226774080.0,
2023-11-25,비정기_프로모션_iam_수동_매장 이용 안내,비정기,프로모션,iam,수동,특별 회원 혜택,0,0,6,0,247354.0,
2023-11-25,비정기_프로모션_iam_수동_특별 회원 혜택,비정기,프로모션,iam,수동,맞춤 스타일 추천,0,0,39516,0,673324257.0,
2023-11-25,비정기_프로모션_iam_수동_맞춤 스타일 추천,비정기,프로모션,iam,수동,빠른 배송 이벤트,0,0,48625,0,633796786.0,
2023-11-25,비정기_프로모션_iam_수동_빠른 배송 이벤트,비정기,프로모션,iam,수동,인기 아이템 소개,0,0,10631,0,434800602.0,
2023-11-25,비정기_프로모션_iam_수동_인기 아이템 소개,비정기,프로모션,iam,수동,신상품 할인 정보,0,0,969,0,71388188.0,
2023-11-25,비정기_프로모션_iam_수동_신상품 할인 정보,비정기,프로모션,iam,수동,맞춤 스타일 추천,0,0,8412,0,286279187.0,
2023-11-25,비정기_프로모션_kakao_자동_맞춤 스타일 추천,비정기,프로모션,kakao,자동,빠른 배송 이벤트,455460,450906,0,0,122556250.8,6763590.0
2023-11-25,비정기_프로모션_kakao_자동_빠른 배송 이벤트,비정기,프로모션,kakao,자동,맞춤 스타일 추천,41067,40657,0,0,10666363.95,609855.0
2023-11-25,비정기_프로모션_push_자동_맞춤 스타일 추천,비정기,프로모션,push,자동,빠른 배송 이벤트,147425,147348,0,9240,97411373.0,
2023-11-25,비정기_프로모션_push_자동_빠른 배송 이벤트,비정기,프로모션,push,자동,매장 방문 이벤트,4121,4113,0,634,37039259.0,
2023-11-26,비정기_프로모션_push_자동_매장 방문 이벤트,비정기,프로모션,push,자동,웹사이트 개선 안내,132094,131927,0,7225,84227092.0,
2023-11-26,비정기_프로모션_push_자동_웹사이트 개선 안내,비정기,프로모션,push,자동,행사 참여 방법 안내,5045,5032,0,445,32327584.0,
2023-11-27,비정기_프로모션_iam_수동_행사 참여 방법 안내,비정기,프로모션,iam,수동,할인 가격 정보,0,0,25040,0,161272572.0,
2023-11-27,비정기_프로모션_iam_수동_할인 가격 정보,비정기,프로모션,iam,수동,패션 뉴스 업데이트,0,0,2487,0,143745457.0,
2023-11-27,비정기_프로모션_push_자동_패션 뉴스 업데이트,비정기,프로모션,push,자동,패션 아이템 소개,412494,412058,0,25341,154210181.0,
2023-11-27,비정기_프로모션_push_자동_패션 아이템 소개,비정기,프로모션,push,자동,할인 쿠폰 코드,4377,4374,0,322,23241962.0,
2023-11-28,비정기_프로모션_iam_수동_할인 쿠폰 코드,비정기,프로모션,iam,수동,매장 방문 시 이용,0,0,176509,0,1123562236.0,
2023-11-29,비정기_콘텐츠_kakao_자동_매장 방문 시 이용,비정기,콘텐츠,kakao,자동,매장 방문 시 이용,34540,34195,0,0,2856992.25,512925.0
2023-11-29,비정기_콘텐츠_sms_자동_매장 방문 시 이용,비정기,콘텐츠,sms,자동,매장 방문 시 이용,8,8,0,0,1860.0,240.0
2023-11-29,비정기_콘텐츠_push_자동_매장 방문 시 이용,비정기,콘텐츠,push,자동,톱 브랜드 아이템,27068,27043,0,2341,9751280.0,
2023-11-30,비정기_프로모션_iam_수동_톱 브랜드 아이템,비정기,프로모션,iam,수동,할인 쿠폰 코드,0,0,4065,0,490750356.0,
2023-11-30,비정기_프로모션_kakao_자동_할인 쿠폰 코드,비정기,프로모션,kakao,자동,할인 쿠폰 코드,450756,446249,0,0,38957537.7,6693735.0
2023-11-30,비정기_프로모션_sms_자동_할인 쿠폰 코드,비정기,프로모션,sms,자동,할인 쿠폰 코드,17758,17581,0,0,2716264.5,527430.0
2023-11-30,비정기_프로모션_push_자동_할인 쿠폰 코드,비정기,프로모션,push,자동,오늘의 스타일 팁,137910,137811,0,6453,6751022.0,
2023-12-01,비정기_콘텐츠_kakao_자동_오늘의 스타일 팁,비정기,콘텐츠,kakao,자동,오늘의 스타일 팁,138035,136655,0,0,6272464.5,2049825.0
2023-12-01,비정기_콘텐츠_push_자동_오늘의 스타일 팁,비정기,콘텐츠,push,자동,패션 트렌드 소식,26537,26499,0,388,1014678.0,
2023-12-01,비정기_프로모션_iam_수동_패션 트렌드 소식,비정기,프로모션,iam,수동,신상품 발매 예고,0,0,2214,0,191865933.0,
2023-12-01,비정기_프로모션_iam_자동_신상품 발매 예고,비정기,프로모션,iam,자동,할인 이벤트 소식,0,0,22376,0,340176378.0,
2023-12-01,비정기_프로모션_kakao_자동_할인 이벤트 소식,비정기,프로모션,kakao,자동,매장 방문 안내,20394,20190,0,0,1695960.0,302850.0
2023-12-01,비정기_프로모션_kakao_자동_매장 방문 안내,비정기,프로모션,kakao,자동,신규 회원 혜택,2676,2650,0,0,301305.0,39750.0
2023-12-01,비정기_프로모션_kakao_자동_신규 회원 혜택,비정기,프로모션,kakao,자동,할인 이벤트 소식,15404,15251,0,0,2971657.35,228765.0
2023-12-01,비정기_프로모션_push_자동_할인 이벤트 소식,비정기,프로모션,push,자동,매장 방문 안내,961,959,0,24,0.0,
2023-12-01,비정기_프로모션_push_자동_매장 방문 안내,비정기,프로모션,push,자동,신규 회원 혜택,372,370,0,29,0.0,
2023-12-01,비정기_프로모션_push_자동_신규 회원 혜택,비정기,프로모션,push,자동,모바일 앱 업데이트,2944,2939,0,413,4758132.0,
2023-12-04,비정기_프로모션_kakao_자동_모바일 앱 업데이트,비정기,프로모션,kakao,자동,오늘의 할인 혜택,165907,164249,0,0,46318218.0,2463735.0
2023-12-04,비정기_프로모션_kakao_자동_오늘의 할인 혜택,비정기,프로모션,kakao,자동,신상품 런칭 소식,29328,29035,0,0,7020663.0,435525.0
2023-12-04,비정기_프로모션_kakao_자동_신상품 런칭 소식,비정기,프로모션,kakao,자동,모바일 앱 업데이트,224015,221775,0,0,27477922.5,3326625.0
2023-12-04,비정기_프로모션_sms_자동_신상품 런칭 소식,비정기,프로모션,sms,자동,모바일 앱 업데이트,4101,4060,0,0,322770.0,121800.0
2023-12-04,비정기_프로모션_push_자동_모바일 앱 업데이트,비정기,프로모션,push,자동,오늘의 할인 혜택,70108,70086,0,5300,25637400.0,
2023-12-04,비정기_프로모션_push_자동_오늘의 할인 혜택,비정기,프로모션,push,자동,신상품 런칭 소식,10801,10796,0,379,868080.0,
2023-12-04,비정기_프로모션_push_자동_신상품 런칭 소식,비정기,프로모션,push,자동,패션 트렌드 업데이트,35032,34996,0,603,536070.0,
2023-12-06,비정기_신상품__자동_패션 트렌드 업데이트,비정기,신상품,,자동,맞춤 스타일 추천,0,0,100,0,1069470.0,
2023-12-07,비정기_신상품__자동_맞춤 스타일 추천,비정기,신상품,,자동,빠른 배송 이벤트,35,35,0,0,0.0,
2023-12-07,비정기_신상품_kakao_자동_빠른 배송 이벤트,비정기,신상품,kakao,자동,빠른 배송 이벤트,7869,7791,0,0,1180336.5,116865.0
2023-12-07,비정기_신상품_sms_자동_빠른 배송 이벤트,비정기,신상품,sms,자동,빠른 배송 이벤트,427115,422844,0,0,35645749.2,12685320.0
2023-12-07,비정기_신상품_push_자동_빠른 배송 이벤트,비정기,신상품,push,자동,할인 정보 알림,140704,140561,0,7865,97331376.0,
2023-12-07,비정기_프로모션_iam_수동_할인 정보 알림,비정기,프로모션,iam,수동,할인 코드 발급,0,0,832,0,103669549.0,
2023-12-07,비정기_프로모션_iam_수동_할인 코드 발급,비정기,프로모션,iam,수동,특별 회원 혜택,0,0,1455,0,208413660.0,
2023-12-08,비정기_신상품_kakao_자동_특별 회원 혜택,비정기,신상품,kakao,자동,특별 회원 혜택,451498,446983,0,0,42642178.2,6704745.0
2023-12-08,비정기_신상품_sms_자동_특별 회원 혜택,비정기,신상품,sms,자동,특별 회원 혜택,5589,5534,0,0,679021.8,166020.0
2023-12-08,비정기_신상품_push_자동_특별 회원 혜택,비정기,신상품,push,자동,맞춤 스타일 추천,135981,135974,0,6699,11714052.0,
2023-12-09,비정기_신상품_iam_수동_맞춤 스타일 추천,비정기,신상품,iam,수동,신상품 발매 예고,0,0,456,0,23605268.0,
2023-12-09,비정기_신상품_kakao_자동_신상품 발매 예고,비정기,신상품,kakao,자동,할인 이벤트 소식,31325,31012,0,0,7349844.0,465180.0
2023-12-09,비정기_신상품_kakao_자동_할인 이벤트 소식,비정기,신상품,kakao,자동,신상품 발매 예고,17518,17344,0,0,4844179.2,260160.0
2023-12-09,비정기_신상품_sms_자동_신상품 발매 예고,비정기,신상품,sms,자동,매장 방문 안내,1,1,0,0,153.9,30.0
2023-12-09,비정기_신상품_push_자동_매장 방문 안내,비정기,신상품,push,자동,신규 회원 혜택,5536,5532,0,546,24504436.0,
2023-12-09,비정기_프로모션_iam_수동_신규 회원 혜택,비정기,프로모션,iam,수동,모바일 앱 업데이트,0,0,280744,0,374657160.0,
2023-12-09,비정기_라플_iam_수동_모바일 앱 업데이트,비정기,라플,iam,수동,모바일 앱 업데이트,0,0,319730,0,422624033.0,
2023-12-09,비정기_라플_kakao_자동_모바일 앱 업데이트,비정기,라플,kakao,자동,모바일 앱 업데이트,470352,465649,0,0,127611108.45,6984735.0
2023-12-09,비정기_라플_sms_자동_모바일 앱 업데이트,비정기,라플,sms,자동,모바일 앱 업데이트,6728,6660,0,0,547452.0,199800.0
2023-12-09,비정기_라플_push_자동_모바일 앱 업데이트,비정기,라플,push,자동,캠핑용품 할인 정보,132462,132301,0,21100,2300084.0,
2023-12-11,비정기_프로모션_kakao_자동_캠핑용품 할인 정보,비정기,프로모션,kakao,자동,캠핑용품 할인 정보,6476,6411,0,0,913567.5,96165.0
2023-12-11,비정기_프로모션_push_자동_캠핑용품 할인 정보,비정기,프로모션,push,자동,캠핑용품 특가 이벤트,3981,3979,0,436,12838656.0,
2023-12-12,비정기_신상품_iam_수동_캠핑용품 특가 이벤트,비정기,신상품,iam,수동,남성용 아우터웨어 특가,0,0,38,0,259856.0,
2023-12-12,비정기_프로모션_iam_수동_남성용 아우터웨어 특가,비정기,프로모션,iam,수동,여성용 아우터웨어 특가,0,0,182533,0,715402116.0,
2023-12-12,비정기_프로모션_iam_수동_여성용 아우터웨어 특가,비정기,프로모션,iam,수동,캠핑 액세서리 할인,0,0,12488,0,426094744.0,
2023-12-12,비정기_프로모션_iam_수동_캠핑 액세서리 할인,비정기,프로모션,iam,수동,신상 캠핑 아이템,0,0,39869,0,129444494.0,
2023-12-12,비정기_프로모션_iam_수동_신상 캠핑 아이템,비정기,프로모션,iam,수동,패션 브랜드 소식,0,0,156089,0,888162714.0,
2023-12-12,비정기_프로모션_iam_수동_패션 브랜드 소식,비정기,프로모션,iam,수동,옷장 재정비 이벤트,0,0,3998,0,264118843.0,
2023-12-12,비정기_프로모션_iam_수동_옷장 재정비 이벤트,비정기,프로모션,iam,수동,남성용 아우터웨어 특가,0,0,36758,0,704831410.0,
2023-12-12,비정기_프로모션_kakao_자동_남성용 아우터웨어 특가,비정기,프로모션,kakao,자동,남성용 아우터웨어 특가,466826,462158,0,0,98162359.2,6932370.0
2023-12-12,비정기_프로모션_sms_자동_남성용 아우터웨어 특가,비정기,프로모션,sms,자동,남성용 아우터웨어 특가,18680,18493,0,0,1547864.1,554790.0
2023-12-12,비정기_프로모션_push_자동_남성용 아우터웨어 특가,비정기,프로모션,push,자동,맞춤 패션 추천,132317,132146,0,11049,120781090.0,
2023-12-12,비정기_라플_kakao_자동_맞춤 패션 추천,비정기,라플,kakao,자동,맞춤 패션 추천,381180,377369,0,0,97587623.4,5660535.0
2023-12-12,비정기_라플_sms_자동_맞춤 패션 추천,비정기,라플,sms,자동,맞춤 패션 추천,2105,2085,0,0,425965.5,62550.0
2023-12-12,비정기_라플_push_자동_맞춤 패션 추천,비정기,라플,push,자동,할인 가격 정보,126332,126272,0,27764,88683858.0,
2023-12-14,비정기_신상품_iam_수동_할인 가격 정보,비정기,신상품,iam,수동,패션 뉴스 업데이트,0,0,10596,0,76524135.0,
2023-12-14,비정기_신상품_kakao_자동_패션 뉴스 업데이트,비정기,신상품,kakao,자동,패션 아이템 소개,868,860,0,0,160089.0,12900.0
2023-12-14,비정기_신상품_kakao_자동_패션 아이템 소개,비정기,신상품,kakao,자동,패션 아이템 소개,13416,13282,0,0,1508171.1,199230.0
2023-12-14,비정기_신상품_sms_자동_패션 아이템 소개,비정기,신상품,sms,자동,할인 쿠폰 코드,454842,450294,0,0,46605429.0,13508820.0
2023-12-14,비정기_신상품_push_수동_할인 쿠폰 코드,비정기,신상품,push,수동,패션 뉴스 업데이트,5,5,0,0,0.0,
2023-12-14,비정기_신상품_push_자동_패션 뉴스 업데이트,비정기,신상품,push,자동,패션 아이템 소개,184,184,0,41,227392.0,
2023-12-14,비정기_신상품_push_자동_패션 아이템 소개,비정기,신상품,push,자동,매장 방문 시 이용,6671,6666,0,1047,6037538.0,
2023-12-14,비정기_라플_kakao_자동_매장 방문 시 이용,비정기,라플,kakao,자동,매장 방문 시 이용,348507,345022,0,0,103506600.0,5175330.0
2023-12-14,비정기_라플_sms_자동_매장 방문 시 이용,비정기,라플,sms,자동,매장 방문 시 이용,228,227,0,0,15526.8,6810.0
2023-12-14,비정기_라플_push_자동_매장 방문 시 이용,비정기,라플,push,자동,톱 브랜드 아이템,88321,88257,0,6347,17314420.0,
2023-12-15,비정기_신상품_kakao_자동_톱 브랜드 아이템,비정기,신상품,kakao,자동,오늘의 스타일 팁,192,191,0,0,34007.55,2865.0
2023-12-15,비정기_신상품_kakao_자동_오늘의 스타일 팁,비정기,신상품,kakao,자동,톱 브랜드 아이템,547,542,0,0,119185.8,8130.0
2023-12-15,비정기_신상품_push_자동_톱 브랜드 아이템,비정기,신상품,push,자동,오늘의 스타일 팁,54,54,0,7,0.0,
2023-12-15,비정기_신상품_push_자동_오늘의 스타일 팁,비정기,신상품,push,자동,신상품 발매 예고,311,311,0,54,3572800.0,
2023-12-15,비정기_프로모션_kakao_자동_신상품 발매 예고,비정기,프로모션,kakao,자동,신상품 발매 예고,401614,397599,0,0,70076823.75,5963985.0
2023-12-15,비정기_프로모션_sms_자동_신상품 발매 예고,비정기,프로모션,sms,자동,신상품 발매 예고,33,33,0,0,4821.3,990.0
2023-12-15,비정기_프로모션_push_자동_신상품 발매 예고,비정기,프로모션,push,자동,할인 이벤트 소식,149580,149305,0,7602,23570832.0,
2023-12-16,비정기_콘텐츠_push_자동_할인 이벤트 소식,비정기,콘텐츠,push,자동,매장 방문 안내,7124,7118,0,597,6524136.0,
2023-12-16,비정기_프로모션_iam_수동_매장 방문 안내,비정기,프로모션,iam,수동,모바일 앱 업데이트,0,0,2006,0,75443036.0,
2023-12-16,비정기_프로모션_iam_수동_모바일 앱 업데이트,비정기,프로모션,iam,수동,빠른 배송 혜택,0,0,5592,0,222967386.0,
2023-12-16,비정기_프로모션_iam_수동_빠른 배송 혜택,비정기,프로모션,iam,수동,신상 아이템 소식,0,0,592933,0,7690707537.0,
2023-12-16,비정기_프로모션_iam_수동_신상 아이템 소식,비정기,프로모션,iam,수동,패션 컬렉션 소개,0,0,1898,0,135913302.0,
2023-12-16,비정기_프로모션_iam_수동_패션 컬렉션 소개,비정기,프로모션,iam,수동,스페셜 프로모션,0,0,8652,0,520039895.0,
2023-12-16,비정기_프로모션_iam_수동_스페셜 프로모션,비정기,프로모션,iam,수동,행사 참여 안내,0,0,5075,0,356612130.0,
2023-12-16,비정기_프로모션_iam_수동_행사 참여 안내,비정기,프로모션,iam,수동,상품 할인 코드,0,0,35396,0,431767475.0,
2023-12-16,비정기_프로모션_kakao_자동_상품 할인 코드,비정기,프로모션,kakao,자동,패션 브랜드 업데이트,406878,402810,0,0,32265081.0,6042150.0
2023-12-16,비정기_프로모션_kakao_자동_패션 브랜드 업데이트,비정기,프로모션,kakao,자동,패션 브랜드 업데이트,50513,50008,0,0,10974255.6,750120.0
2023-12-16,비정기_프로모션_sms_자동_패션 브랜드 업데이트,비정기,프로모션,sms,자동,상품 할인 코드,1,1,0,0,239.1,30.0
2023-12-16,비정기_프로모션_push_자동_상품 할인 코드,비정기,프로모션,push,자동,패션 브랜드 업데이트,144080,143965,0,6350,673890192.0,
2023-12-16,비정기_프로모션_push_자동_패션 브랜드 업데이트,비정기,프로모션,push,자동,스타일 팁 제공,5054,5043,0,409,8382109.0,
2023-12-16,비정기_라플_iam_수동_스타일 팁 제공,비정기,라플,iam,수동,스타일 팁 제공,0,0,328864,0,195236323.0,
2023-12-16,비정기_라플_kakao_자동_스타일 팁 제공,비정기,라플,kakao,자동,스타일 팁 제공,482648,477822,0,0,130588752.6,7167330.0
2023-12-16,비정기_라플_sms_자동_스타일 팁 제공,비정기,라플,sms,자동,스타일 팁 제공,128,127,0,0,18554.7,3810.0
2023-12-16,비정기_라플_push_자동_스타일 팁 제공,비정기,라플,push,자동,월간 패션 뉴스,163850,163832,0,21756,8782768.0,
2023-12-17,비정기_라플_kakao_자동_월간 패션 뉴스,비정기,라플,kakao,자동,월간 패션 뉴스,389033,385143,0,0,64935109.8,5777145.0
2023-12-17,비정기_라플_sms_자동_월간 패션 뉴스,비정기,라플,sms,자동,월간 패션 뉴스,33,33,0,0,5276.7,990.0
2023-12-17,비정기_라플_push_자동_월간 패션 뉴스,비정기,라플,push,자동,패션 아이템 추천,130986,130901,0,28996,353738340.0,
2023-12-18,비정기_라플_kakao_자동_패션 아이템 추천,비정기,라플,kakao,자동,패션 아이템 추천,299052,296062,0,0,30775644.9,4440930.0
2023-12-18,비정기_라플_sms_자동_패션 아이템 추천,비정기,라플,sms,자동,패션 아이템 추천,17,17,0,0,1836.0,510.0
2023-12-18,비정기_라플_push_자동_패션 아이템 추천,비정기,라플,push,자동,할인 캠페인 정보,70124,70048,0,8424,243742380.0,
2023-12-19,비정기_신상품_kakao_자동_할인 캠페인 정보,비정기,신상품,kakao,자동,할인 캠페인 정보,14135,13994,0,0,3639839.4,209910.0
2023-12-19,비정기_신상품_push_자동_할인 캠페인 정보,비정기,신상품,push,자동,매장 방문 안내,8478,8470,0,1828,42089040.0,
2023-12-19,비정기_라플_kakao_수동_매장 방문 안내,비정기,라플,kakao,수동,신상품 런칭 소식,4902,4853,0,0,682089.15,72795.0
2023-12-19,비정기_라플_kakao_자동_신상품 런칭 소식,비정기,라플,kakao,자동,패션 트렌드 업데이트,147488,146014,0,0,29392618.2,2190210.0
2023-12-19,비정기_라플_kakao_자동_패션 트렌드 업데이트,비정기,라플,kakao,자동,매장 방문 안내,99566,98571,0,0,23420469.6,1478565.0
2023-12-19,비정기_라플_sms_수동_매장 방문 안내,비정기,라플,sms,수동,신상품 런칭 소식,15,15,0,0,2448.0,450.0
2023-12-19,비정기_라플_sms_자동_신상품 런칭 소식,비정기,라플,sms,자동,패션 트렌드 업데이트,1296,1283,0,0,79674.3,38490.0
2023-12-19,비정기_라플_sms_자동_패션 트렌드 업데이트,비정기,라플,sms,자동,매장 방문 안내,40399,39996,0,0,3923607.6,1199880.0
2023-12-19,비정기_라플_push_수동_매장 방문 안내,비정기,라플,push,수동,맞춤 스타일 추천,3439,3437,0,1424,242037600.0,
2023-12-19,비정기_라플_push_수동_맞춤 스타일 추천,비정기,라플,push,수동,신상품 런칭 소식,12652,12636,0,2890,220565832.0,
2023-12-19,비정기_라플_push_자동_신상품 런칭 소식,비정기,라플,push,자동,패션 트렌드 업데이트,86538,86399,0,49701,502887060.0,
2023-12-19,비정기_라플_push_자동_패션 트렌드 업데이트,비정기,라플,push,자동,빠른 배송 이벤트,51794,51754,0,20395,745525984.0,
2023-12-20,비정기_콘텐츠_kakao_자동_빠른 배송 이벤트,비정기,콘텐츠,kakao,자동,빠른 배송 이벤트,14734,14587,0,0,3544641.0,218805.0
2023-12-20,비정기_콘텐츠_push_자동_빠른 배송 이벤트,비정기,콘텐츠,push,자동,인기 아이템 소개,6453,6451,0,686,10269462.0,
2023-12-20,비정기_신상품_kakao_자동_인기 아이템 소개,비정기,신상품,kakao,자동,할인 정보 알림,476,472,0,0,108394.8,7080.0
2023-12-20,비정기_신상품_kakao_자동_할인 정보 알림,비정기,신상품,kakao,자동,행사 참여 방법 안내,21,21,0,0,6041.7,315.0
2023-12-20,비정기_신상품_kakao_자동_행사 참여 방법 안내,비정기,신상품,kakao,자동,할인 코드 발급,60,60,0,0,16038.0,900.0
2023-12-20,비정기_신상품_kakao_자동_할인 코드 발급,비정기,신상품,kakao,자동,인기 아이템 소개,36,36,0,0,2781.0,540.0
2023-12-20,비정기_신상품_push_자동_인기 아이템 소개,비정기,신상품,push,자동,할인 정보 알림,211,211,0,53,3735432.0,
2023-12-20,비정기_신상품_push_자동_할인 정보 알림,비정기,신상품,push,자동,행사 참여 방법 안내,5,5,0,0,0.0,
2023-12-20,비정기_신상품_push_자동_행사 참여 방법 안내,비정기,신상품,push,자동,할인 코드 발급,38,38,0,13,0.0,
2023-12-20,비정기_신상품_push_자동_할인 코드 발급,비정기,신상품,push,자동,매장 방문 안내,23,23,0,9,0.0,
2023-12-20,비정기_라플_kakao_자동_매장 방문 안내,비정기,라플,kakao,자동,특별 회원 혜택,52300,51777,0,0,13428364.95,776655.0
2023-12-20,비정기_라플_kakao_자동_특별 회원 혜택,비정기,라플,kakao,자동,맞춤 스타일 추천,58,58,0,0,9135.0,870.0
2023-12-20,비정기_라플_kakao_자동_맞춤 스타일 추천,비정기,라플,kakao,자동,매장 방문 안내,405998,401939,0,0,52694202.9,6029085.0
2023-12-20,비정기_라플_sms_자동_매장 방문 안내,비정기,라플,sms,자동,특별 회원 혜택,18746,18559,0,0,1236029.4,556770.0
2023-12-20,비정기_라플_sms_자동_특별 회원 혜택,비정기,라플,sms,자동,맞춤 스타일 추천,1,1,0,0,188.1,30.0
2023-12-20,비정기_라플_sms_자동_맞춤 스타일 추천,비정기,라플,sms,자동,매장 방문 안내,90,90,0,0,21465.0,2700.0
2023-12-20,비정기_라플_push_자동_매장 방문 안내,비정기,라플,push,자동,특별 회원 혜택,53010,52920,0,30403,54157064.0,
2023-12-20,비정기_라플_push_자동_특별 회원 혜택,비정기,라플,push,자동,신상품 발매 예고,48,48,0,32,10249200.0,
2023-12-20,비정기_라플_push_자동_신상품 발매 예고,비정기,라플,push,자동,맞춤 스타일 추천,47,47,0,13,0.0,
2023-12-20,비정기_라플_push_자동_맞춤 스타일 추천,비정기,라플,push,자동,할인 이벤트 소식,129233,128820,0,32652,139485346.0,
2023-12-21,비정기_콘텐츠_kakao_자동_할인 이벤트 소식,비정기,콘텐츠,kakao,자동,할인 이벤트 소식,455742,451185,0,0,64496895.75,6767775.0
2023-12-21,비정기_콘텐츠_sms_자동_할인 이벤트 소식,비정기,콘텐츠,sms,자동,매장 방문 안내,356,353,0,0,79848.6,10590.0
2023-12-21,비정기_콘텐츠_sms_자동_매장 방문 안내,비정기,콘텐츠,sms,자동,신규 회원 혜택,21,21,0,0,1077.3,630.0
2023-12-26,비정기_라플_iam_수동_신규 회원 혜택,비정기,라플,iam,수동,캠핑용품 할인 정보,0,0,140714,0,469851840.0,
2023-12-27,비정기_신상품_kakao_자동_캠핑용품 할인 정보,비정기,신상품,kakao,자동,캠핑용품 할인 정보,10491,10386,0,0,2824472.7,155790.0
2023-12-27,비정기_신상품_push_자동_캠핑용품 할인 정보,비정기,신상품,push,자동,캠핑용품 특가 이벤트,8010,8006,0,2149,6792588.0,
2023-12-27,비정기_프로모션_kakao_자동_캠핑용품 특가 이벤트,비정기,프로모션,kakao,자동,캠핑용품 특가 이벤트,7,7,0,0,1699.95,105.0
2023-12-27,비정기_프로모션_push_자동_캠핑용품 특가 이벤트,비정기,프로모션,push,자동,남성용 아우터웨어 특가,1,1,0,2,0.0,
2023-12-28,비정기_신상품_kakao_자동_남성용 아우터웨어 특가,비정기,신상품,kakao,자동,여성용 아우터웨어 특가,4848,4800,0,0,915120.0,72000.0
2023-12-28,비정기_신상품_kakao_자동_여성용 아우터웨어 특가,비정기,신상품,kakao,자동,남성용 아우터웨어 특가,416,413,0,0,111881.7,6195.0
2023-12-28,비정기_신상품_push_자동_남성용 아우터웨어 특가,비정기,신상품,push,자동,여성용 아우터웨어 특가,4528,4520,0,1006,2707864.0,
2023-12-28,비정기_신상품_push_자동_여성용 아우터웨어 특가,비정기,신상품,push,자동,캠핑 액세서리 할인,135,135,0,47,0.0,
2023-12-28,정기_타겟팅_push_수동_캠핑 액세서리 할인,정기,타겟팅,push,수동,신상 캠핑 아이템,13769,13740,0,5743,85881765.0,
2023-12-29,비정기_신상품_kakao_자동_신상 캠핑 아이템,비정기,신상품,kakao,자동,패션 브랜드 소식,172,171,0,0,40886.1,2565.0
2023-12-29,비정기_신상품_kakao_자동_패션 브랜드 소식,비정기,신상품,kakao,자동,신상 캠핑 아이템,913,905,0,0,51720.75,13575.0
2023-12-29,비정기_신상품_push_자동_신상 캠핑 아이템,비정기,신상품,push,자동,패션 브랜드 소식,58,58,0,19,341880.0,
2023-12-29,비정기_신상품_push_자동_패션 브랜드 소식,비정기,신상품,push,자동,옷장 재정비 이벤트,697,697,0,166,597416.0,
2023-12-29,비정기_타겟팅_kakao_자동_옷장 재정비 이벤트,비정기,타겟팅,kakao,자동,맞춤 패션 추천,33499,33165,0,0,6128892.0,497475.0
2023-12-29,비정기_타겟팅_kakao_자동_맞춤 패션 추천,비정기,타겟팅,kakao,자동,옷장 재정비 이벤트,122658,121432,0,0,10400650.8,1821480.0
2023-12-29,비정기_타겟팅_push_자동_옷장 재정비 이벤트,비정기,타겟팅,push,자동,맞춤 패션 추천,39215,39191,0,3963,860160.0,
2023-12-29,비정기_타겟팅_push_자동_맞춤 패션 추천,비정기,타겟팅,push,자동,할인 가격 정보,42785,42735,0,3845,2586530.0,
2023-12-30,비정기_타겟팅_iam_수동_할인 가격 정보,비정기,타겟팅,iam,수동,할인 쿠폰 코드,0,0,4275,0,30330938.0,
2024-01-03,비정기_신상품_kakao_자동_할인 쿠폰 코드,비정기,신상품,kakao,자동,매장 방문 시 이용,13115,12984,0,0,619336.8,194760.0
2024-01-03,비정기_신상품_kakao_자동_매장 방문 시 이용,비정기,신상품,kakao,자동,할인 쿠폰 코드,1064,1054,0,0,244422.6,15810.0
2024-01-03,비정기_신상품_push_자동_할인 쿠폰 코드,비정기,신상품,push,자동,매장 방문 시 이용,7948,7948,0,668,12312400.0,
2024-01-03,비정기_신상품_push_자동_매장 방문 시 이용,비정기,신상품,push,자동,오늘의 스타일 팁,232,232,0,74,234080.0,
2024-01-03,비정기_라플_kakao_자동_오늘의 스타일 팁,비정기,라플,kakao,자동,오늘의 스타일 팁,89132,88241,0,0,4288512.6,1323615.0
2024-01-03,비정기_라플_sms_자동_오늘의 스타일 팁,비정기,라플,sms,자동,오늘의 스타일 팁,19,19,0,0,3049.5,570.0
2024-01-03,비정기_라플_push_자동_오늘의 스타일 팁,비정기,라플,push,자동,패션 트렌드 소식,52092,52077,0,21343,54851328.0,
2024-01-04,비정기_프로모션_kakao_자동_패션 트렌드 소식,비정기,프로모션,kakao,자동,패션 트렌드 소식,405709,401653,0,0,89769445.5,6024795.0
2024-01-04,비정기_프로모션_push_자동_패션 트렌드 소식,비정기,프로모션,push,자동,신상품 발매 예고,139195,139064,0,11030,21693366.0,
2024-01-06,비정기_신상품_push_자동_신상품 발매 예고,비정기,신상품,push,자동,할인 이벤트 소식,34398,34351,0,984,15705360.0,
2024-01-09,비정기_프로모션_iam_수동_할인 이벤트 소식,비정기,프로모션,iam,수동,빠른 배송 혜택,0,0,89400,0,809157313.0,
2024-01-09,비정기_프로모션_kakao_자동_빠른 배송 혜택,비정기,프로모션,kakao,자동,빠른 배송 혜택,393519,389584,0,0,19109095.2,5843760.0
2024-01-09,비정기_프로모션_push_자동_빠른 배송 혜택,비정기,프로모션,push,자동,신상 아이템 소식,157318,157237,0,6186,17782800.0,
2024-01-11,비정기_신상품_kakao_자동_신상 아이템 소식,비정기,신상품,kakao,자동,신상 아이템 소식,594,588,0,0,56800.8,8820.0
2024-01-11,비정기_신상품_push_자동_신상 아이템 소식,비정기,신상품,push,자동,패션 컬렉션 소개,290,290,0,70,625090.0,
2024-01-11,비정기_프로모션_kakao_자동_패션 컬렉션 소개,비정기,프로모션,kakao,자동,패션 컬렉션 소개,44321,43878,0,0,4034582.1,658170.0
2024-01-11,비정기_프로모션_push_자동_패션 컬렉션 소개,비정기,프로모션,push,자동,스페셜 프로모션,5140,5137,0,522,1941078.0,
2024-01-12,비정기_콘텐츠__자동_스페셜 프로모션,비정기,콘텐츠,,자동,행사 참여 안내,21737,21520,0,0,42402360.0,
2024-01-12,비정기_타겟팅_kakao_자동_행사 참여 안내,비정기,타겟팅,kakao,자동,행사 참여 안내,34042,33702,0,0,8447406.3,505530.0
2024-01-12,비정기_타겟팅_push_자동_행사 참여 안내,비정기,타겟팅,push,자동,상품 할인 코드,37326,37319,0,1704,6348432.0,
2024-01-13,비정기_콘텐츠_kakao_자동_상품 할인 코드,비정기,콘텐츠,kakao,자동,상품 할인 코드,31964,31645,0,0,3574302.75,474675.0
2024-01-13,비정기_콘텐츠_push_자동_상품 할인 코드,비정기,콘텐츠,push,자동,스타일 팁 제공,19268,19264,0,1302,5384026.0,
2024-01-15,비정기_프로모션_iam_수동_스타일 팁 제공,비정기,프로모션,iam,수동,월간 패션 뉴스,0,0,20163,0,752031547.0,
2024-01-15,비정기_프로모션_iam_수동_월간 패션 뉴스,비정기,프로모션,iam,수동,패션 아이템 추천,0,0,8722,0,820145004.0,
2024-01-15,비정기_프로모션_iam_수동_패션 아이템 추천,비정기,프로모션,iam,수동,할인 캠페인 정보,0,0,2526,0,148522754.0,
2024-01-15,비정기_프로모션_iam_수동_할인 캠페인 정보,비정기,프로모션,iam,수동,맞춤 스타일 추천,0,0,1681,0,65020720.0,
2024-01-16,비정기_기타_iam_수동_맞춤 스타일 추천,비정기,기타,iam,수동,행사 참여 방법 안내,0,0,15958,0,429385835.0,
2024-01-19,비정기_프로모션_push_자동_행사 참여 방법 안내,비정기,프로모션,push,자동,할인 코드 발급,100,99,0,29,1297320.0,
2024-01-20,비정기_콘텐츠__자동_할인 코드 발급,비정기,콘텐츠,,자동,매장 방문 안내,12022,11902,0,0,15278508.0,
2024-01-25,비정기_신상품_kakao_자동_매장 방문 안내,비정기,신상품,kakao,자동,맞춤 스타일 추천,303,300,0,0,41085.0,4500.0
2024-01-25,비정기_기타_kakao_자동_맞춤 스타일 추천,비정기,기타,kakao,자동,맞춤 스타일 추천,460279,455676,0,0,132533364.6,6835140.0
2024-01-25,비정기_기타_push_자동_맞춤 스타일 추천,비정기,기타,push,자동,할인 이벤트 소식,165573,165434,0,5565,21359208.0,
2024-01-26,비정기_신상품_sms_자동_할인 이벤트 소식,비정기,신상품,sms,자동,할인 이벤트 소식,156,155,0,0,8277.0,4650.0
2024-01-26,비정기_신상품_push_자동_할인 이벤트 소식,비정기,신상품,push,자동,신규 회원 혜택,5948,5938,0,816,9380130.0,
2024-01-30,비정기_신상품_kakao_자동_신규 회원 혜택,비정기,신상품,kakao,자동,신규 회원 혜택,980,971,0,0,254450.55,14565.0
2024-01-30,비정기_신상품_push_자동_신규 회원 혜택,비정기,신상품,push,자동,모바일 앱 업데이트,294,292,0,76,203559.0,
2024-01-31,비정기_신상품_kakao_자동_모바일 앱 업데이트,비정기,신상품,kakao,자동,모바일 앱 업데이트,253,251,0,0,32115.45,3765.0
2024-01-31,비정기_신상품_push_자동_모바일 앱 업데이트,비정기,신상품,push,자동,캠핑용품 특가 이벤트,364,359,0,91,2175989.0,
2024-02-01,비정기_프로모션_iam_수동_캠핑용품 특가 이벤트,비정기,프로모션,iam,수동,패션 브랜드 소식,0,0,39965,0,525312770.0,
2024-02-01,비정기_프로모션_kakao_자동_패션 브랜드 소식,비정기,프로모션,kakao,자동,패션 브랜드 소식,455658,451102,0,0,134315620.5,6766530.0
2024-02-01,비정기_프로모션_sms_자동_패션 브랜드 소식,비정기,프로모션,sms,자동,패션 브랜드 소식,43,43,0,0,3096.0,1290.0
2024-02-01,비정기_프로모션_push_자동_패션 브랜드 소식,비정기,프로모션,push,자동,맞춤 패션 추천,161602,161503,0,8130,47839834.0,
2024-02-02,비정기_프로모션_iam_수동_맞춤 패션 추천,비정기,프로모션,iam,수동,할인 가격 정보,0,0,6560,0,30405455.0,
2024-02-03,비정기_콘텐츠_kakao_자동_할인 가격 정보,비정기,콘텐츠,kakao,자동,할인 가격 정보,1989,1969,0,0,509774.1,29535.0
2024-02-03,비정기_콘텐츠_push_자동_할인 가격 정보,비정기,콘텐츠,push,자동,패션 뉴스 업데이트,1004,1004,0,177,793538.0,
2024-02-03,비정기_프로모션_push_수동_패션 뉴스 업데이트,비정기,프로모션,push,수동,패션 아이템 소개,106,106,0,10,1134159.0,
2024-02-04,비정기_프로모션_kakao_자동_패션 아이템 소개,비정기,프로모션,kakao,자동,패션 아이템 소개,488067,483187,0,0,26164576.05,7247805.0
2024-02-04,비정기_프로모션_sms_자동_패션 아이템 소개,비정기,프로모션,sms,자동,할인 쿠폰 코드,251,250,0,0,41250.0,7500.0
2024-02-06,비정기_콘텐츠_kakao_자동_할인 쿠폰 코드,비정기,콘텐츠,kakao,자동,할인 쿠폰 코드,9369,9276,0,0,2159452.8,139140.0
2024-02-06,비정기_콘텐츠_push_자동_할인 쿠폰 코드,비정기,콘텐츠,push,자동,톱 브랜드 아이템,6310,6310,0,490,1569807.0,
2024-02-07,비정기_프로모션_kakao_자동_톱 브랜드 아이템,비정기,프로모션,kakao,자동,톱 브랜드 아이템,454788,450240,0,0,80570448.0,6753600.0
2024-02-07,비정기_프로모션_sms_자동_톱 브랜드 아이템,비정기,프로모션,sms,자동,톱 브랜드 아이템,115,114,0,0,6942.6,3420.0
2024-02-07,비정기_프로모션_push_자동_톱 브랜드 아이템,비정기,프로모션,push,자동,신상품 발매 예고,154315,154249,0,2366,74853428.0,
2024-02-08,비정기_프로모션_iam_수동_신상품 발매 예고,비정기,프로모션,iam,수동,빠른 배송 혜택,0,0,1634,0,93261472.0,
2024-02-09,비정기_콘텐츠_kakao_자동_빠른 배송 혜택,비정기,콘텐츠,kakao,자동,빠른 배송 혜택,471111,466401,0,0,99693213.75,6996015.0
2024-02-09,비정기_콘텐츠_push_자동_빠른 배송 혜택,비정기,콘텐츠,push,자동,스페셜 프로모션,167856,167760,0,3855,5549271.0,
2024-02-10,비정기_신상품_kakao_자동_스페셜 프로모션,비정기,신상품,kakao,자동,스페셜 프로모션,1814,1796,0,0,485458.8,26940.0
2024-02-10,비정기_신상품_push_자동_스페셜 프로모션,비정기,신상품,push,자동,행사 참여 안내,789,789,0,139,628720.0,
2024-02-10,비정기_프로모션_iam_자동_행사 참여 안내,비정기,프로모션,iam,자동,패션 브랜드 업데이트,0,0,14186,0,119812385.0,
2024-02-10,비정기_프로모션_push_수동_패션 브랜드 업데이트,비정기,프로모션,push,수동,월간 패션 뉴스,67,65,0,9,102002.0,
2024-02-11,비정기_콘텐츠_kakao_자동_월간 패션 뉴스,비정기,콘텐츠,kakao,자동,월간 패션 뉴스,507768,502691,0,0,35967541.05,7540365.0
2024-02-11,비정기_콘텐츠_sms_자동_월간 패션 뉴스,비정기,콘텐츠,sms,자동,월간 패션 뉴스,472250,467528,0,0,109541810.4,14025840.0
2024-02-11,비정기_콘텐츠_push_자동_월간 패션 뉴스,비정기,콘텐츠,push,자동,패션 아이템 추천,145861,145773,0,9033,4669696.0,
2024-02-11,비정기_프로모션_kakao_자동_패션 아이템 추천,비정기,프로모션,kakao,자동,패션 아이템 추천,53300,52768,0,0,14500646.4,791520.0
2024-02-11,비정기_프로모션_sms_자동_패션 아이템 추천,비정기,프로모션,sms,자동,패션 아이템 추천,23,23,0,0,1773.3,690.0
2024-02-11,비정기_프로모션_push_자동_패션 아이템 추천,비정기,프로모션,push,자동,할인 캠페인 정보,5373,5362,0,495,17225304.0,
2024-02-13,비정기_기타_iam_수동_할인 캠페인 정보,비정기,기타,iam,수동,매장 방문 안내,0,0,272452,0,201586092.0,
2024-02-13,비정기_기타_iam_수동_매장 방문 안내,비정기,기타,iam,수동,패션 트렌드 업데이트,0,0,19075,0,209427110.0,
2024-02-14,비정기_콘텐츠_kakao_자동_패션 트렌드 업데이트,비정기,콘텐츠,kakao,자동,패션 트렌드 업데이트,18428,18244,0,0,3026679.6,273660.0
2024-02-14,비정기_콘텐츠_sms_자동_패션 트렌드 업데이트,비정기,콘텐츠,sms,자동,패션 트렌드 업데이트,5,5,0,0,427.5,150.0
2024-02-14,비정기_콘텐츠_push_자동_패션 트렌드 업데이트,비정기,콘텐츠,push,자동,맞춤 스타일 추천,993,993,0,54,1891148.0,
2024-02-14,비정기_프로모션_sms_자동_맞춤 스타일 추천,비정기,프로모션,sms,자동,인기 아이템 소개,3,3,0,0,512.1,90.0
2024-02-15,비정기_타겟팅_iam_수동_인기 아이템 소개,비정기,타겟팅,iam,수동,할인 정보 알림,0,0,7167,0,69742874.0,
2024-02-15,비정기_라플_kakao_자동_할인 정보 알림,비정기,라플,kakao,자동,할인 정보 알림,380146,376345,0,0,106806711.0,5645175.0
2024-02-15,비정기_라플_sms_자동_할인 정보 알림,비정기,라플,sms,자동,할인 정보 알림,70,70,0,0,8148.0,2100.0
2024-02-15,비정기_라플_push_자동_할인 정보 알림,비정기,라플,push,자동,매장 방문 안내,92150,92104,0,4312,7897350.0,
2024-02-17,비정기_신상품_sms_자동_매장 방문 안내,비정기,신상품,sms,자동,맞춤 스타일 추천,42399,41976,0,0,3865989.6,1259280.0
2024-02-18,비정기_신상품_kakao_자동_맞춤 스타일 추천,비정기,신상품,kakao,자동,맞춤 스타일 추천,7,7,0,0,679.35,105.0
2024-02-18,비정기_신상품_push_자동_맞춤 스타일 추천,비정기,신상품,push,자동,매장 방문 안내,7,7,0,3,0.0,
2024-02-20,비정기_프로모션__자동_매장 방문 안내,비정기,프로모션,,자동,캠핑용품 할인 정보,26771,26504,0,0,199976112.0,
2024-02-20,비정기_프로모션_iam_수동_캠핑용품 할인 정보,비정기,프로모션,iam,수동,남성용 아우터웨어 특가,0,0,13405,0,249908351.0,
2024-02-20,비정기_라플_kakao_자동_남성용 아우터웨어 특가,비정기,라플,kakao,자동,여성용 아우터웨어 특가,89909,89010,0,0,18571936.5,1335150.0
2024-02-20,비정기_라플_kakao_자동_여성용 아우터웨어 특가,비정기,라플,kakao,자동,여성용 아우터웨어 특가,3424,3390,0,0,930046.5,50850.0
2024-02-20,비정기_라플_sms_자동_여성용 아우터웨어 특가,비정기,라플,sms,자동,남성용 아우터웨어 특가,13,13,0,0,3003.0,390.0
2024-02-20,비정기_라플_push_자동_남성용 아우터웨어 특가,비정기,라플,push,자동,여성용 아우터웨어 특가,4310,4310,0,3056,16325940.0,
2024-02-20,비정기_라플_push_자동_여성용 아우터웨어 특가,비정기,라플,push,자동,캠핑 액세서리 할인,2620,2618,0,1115,165520417.0,
2024-02-20,비정기_라플_push_자동_캠핑 액세서리 할인,비정기,라플,push,자동,신상 캠핑 아이템,67406,67396,0,28649,394776046.0,
2024-02-21,비정기_콘텐츠_kakao_자동_신상 캠핑 아이템,비정기,콘텐츠,kakao,자동,신상 캠핑 아이템,13147,13016,0,0,3438176.4,195240.0
2024-02-21,비정기_콘텐츠_push_자동_신상 캠핑 아이템,비정기,콘텐츠,push,자동,할인 가격 정보,6695,6692,0,869,2931096.0,
2024-02-22,비정기_신상품_kakao_자동_할인 가격 정보,비정기,신상품,kakao,자동,할인 가격 정보,60566,59961,0,0,13374301.05,899415.0
2024-02-22,비정기_신상품_sms_자동_할인 가격 정보,비정기,신상품,sms,자동,할인 가격 정보,4,4,0,0,553.2,120.0
2024-02-22,비정기_신상품_push_자동_할인 가격 정보,비정기,신상품,push,자동,패션 뉴스 업데이트,5520,5515,0,520,2282280.0,
2024-02-22,비정기_기타_iam_수동_패션 뉴스 업데이트,비정기,기타,iam,수동,패션 아이템 소개,0,0,3337,0,4224924.0,
2024-02-22,비정기_기타_kakao_자동_패션 아이템 소개,비정기,기타,kakao,자동,패션 아이템 소개,418763,414576,0,0,43406107.2,6218640.0
2024-02-22,비정기_기타_push_자동_패션 아이템 소개,비정기,기타,push,자동,할인 쿠폰 코드,163592,163419,0,14591,3222305.0,
2024-02-22,비정기_타겟팅_kakao_자동_할인 쿠폰 코드,비정기,타겟팅,kakao,자동,매장 방문 시 이용,1234,1222,0,0,267251.4,18330.0
2024-02-22,비정기_타겟팅_kakao_자동_매장 방문 시 이용,비정기,타겟팅,kakao,자동,할인 쿠폰 코드,2207,2186,0,0,232153.2,32790.0
2024-02-22,비정기_타겟팅_push_자동_할인 쿠폰 코드,비정기,타겟팅,push,자동,매장 방문 시 이용,305,303,0,43,0.0,
2024-02-22,비정기_타겟팅_push_자동_매장 방문 시 이용,비정기,타겟팅,push,자동,톱 브랜드 아이템,760,760,0,115,0.0,
2024-02-23,비정기_콘텐츠_kakao_자동_톱 브랜드 아이템,비정기,콘텐츠,kakao,자동,톱 브랜드 아이템,52595,52069,0,0,14566302.75,781035.0
2024-02-23,비정기_콘텐츠_push_자동_톱 브랜드 아이템,비정기,콘텐츠,push,자동,패션 트렌드 소식,6411,6400,0,762,1219372.0,
2024-02-23,비정기_신상품_kakao_자동_패션 트렌드 소식,비정기,신상품,kakao,자동,패션 트렌드 소식,50,50,0,0,13590.0,750.0
2024-02-23,비정기_신상품_push_자동_패션 트렌드 소식,비정기,신상품,push,자동,패션 뉴스 업데이트,17,17,0,12,0.0,
2024-02-23,비정기_기타_push_자동_패션 뉴스 업데이트,비정기,기타,push,자동,신상품 발매 예고,1007,1007,0,36,0.0,
2024-02-23,비정기_타겟팅__자동_신상품 발매 예고,비정기,타겟팅,,자동,신규 회원 혜택,36461,36097,0,0,13111824.0,
2024-02-23,비정기_라플_kakao_자동_신규 회원 혜택,비정기,라플,kakao,자동,신규 회원 혜택,72,72,0,0,13651.2,1080.0
2024-02-23,비정기_라플_push_자동_신규 회원 혜택,비정기,라플,push,자동,빠른 배송 혜택,92,92,0,35,6360980.0,
2024-02-23,비정기_라플_push_자동_빠른 배송 혜택,비정기,라플,push,자동,신상 아이템 소식,48581,48522,0,24871,12920680.0,
2024-02-24,비정기_콘텐츠_iam_수동_신상 아이템 소식,비정기,콘텐츠,iam,수동,패션 컬렉션 소개,0,0,270027,0,842391328.0,
2024-02-24,비정기_콘텐츠_iam_수동_패션 컬렉션 소개,비정기,콘텐츠,iam,수동,스페셜 프로모션,0,0,10534,0,255165966.0,
2024-02-24,비정기_콘텐츠_kakao_자동_스페셜 프로모션,비정기,콘텐츠,kakao,자동,스페셜 프로모션,472106,467386,0,0,93453830.7,7010790.0
2024-02-24,비정기_콘텐츠_push_자동_스페셜 프로모션,비정기,콘텐츠,push,자동,행사 참여 안내,168683,168442,0,8863,2180780.0,
2024-02-24,비정기_신상품_kakao_자동_행사 참여 안내,비정기,신상품,kakao,자동,상품 할인 코드,11224,11113,0,0,1128525.15,166695.0
2024-02-24,비정기_신상품_kakao_자동_상품 할인 코드,비정기,신상품,kakao,자동,행사 참여 안내,59730,59133,0,0,3246401.7,886995.0
2024-02-24,비정기_신상품_push_자동_행사 참여 안내,비정기,신상품,push,자동,상품 할인 코드,5128,5126,0,793,893838.0,
2024-02-24,비정기_신상품_push_자동_상품 할인 코드,비정기,신상품,push,자동,패션 브랜드 업데이트,5780,5767,0,727,616032.0,
2024-02-24,비정기_프로모션_iam_수동_패션 브랜드 업데이트,비정기,프로모션,iam,수동,스타일 팁 제공,0,0,124,0,1076328.0,
2024-02-25,비정기_기타_kakao_자동_스타일 팁 제공,비정기,기타,kakao,자동,스타일 팁 제공,2203,2181,0,0,133477.2,32715.0
2024-02-25,비정기_기타_push_자동_스타일 팁 제공,비정기,기타,push,자동,월간 패션 뉴스,690,678,0,70,0.0,
2024-02-27,비정기_신상품_kakao_자동_월간 패션 뉴스,비정기,신상품,kakao,자동,패션 아이템 추천,129,128,0,0,18739.2,1920.0
2024-02-27,비정기_신상품_kakao_자동_패션 아이템 추천,비정기,신상품,kakao,자동,월간 패션 뉴스,780,773,0,0,97745.85,11595.0
2024-02-27,비정기_신상품_push_자동_월간 패션 뉴스,비정기,신상품,push,자동,패션 아이템 추천,43,43,0,7,0.0,
2024-02-27,비정기_신상품_push_자동_패션 아이템 추천,비정기,신상품,push,자동,신상품 발매 예고,285,285,0,66,0.0,
2024-02-27,비정기_타겟팅_push_자동_신상품 발매 예고,비정기,타겟팅,push,자동,신상품 런칭 소식,7849,7849,0,172,6696378.0,
2024-02-28,비정기_신상품_sms_자동_신상품 런칭 소식,비정기,신상품,sms,자동,맞춤 스타일 추천,273,270,0,0,15552.0,8100.0
2024-03-02,비정기_콘텐츠_kakao_자동_맞춤 스타일 추천,비정기,콘텐츠,kakao,자동,맞춤 스타일 추천,51865,51347,0,0,11730222.15,770205.0
2024-03-02,비정기_콘텐츠_sms_자동_맞춤 스타일 추천,비정기,콘텐츠,sms,자동,맞춤 스타일 추천,8,8,0,0,655.2,240.0
2024-03-02,비정기_콘텐츠_push_자동_맞춤 스타일 추천,비정기,콘텐츠,push,자동,빠른 배송 이벤트,6368,6348,0,598,2204904.0,
2024-03-02,비정기_기타_kakao_자동_빠른 배송 이벤트,비정기,기타,kakao,자동,빠른 배송 이벤트,441719,437302,0,0,88684845.6,6559530.0
2024-03-02,비정기_기타_push_자동_빠른 배송 이벤트,비정기,기타,push,자동,인기 아이템 소개,176317,176146,0,16838,15052068.0,
2024-03-02,비정기_라플_kakao_자동_인기 아이템 소개,비정기,라플,kakao,자동,행사 참여 방법 안내,43098,42668,0,0,11840370.0,640020.0
2024-03-02,비정기_라플_kakao_자동_행사 참여 방법 안내,비정기,라플,kakao,자동,행사 참여 방법 안내,477501,472726,0,0,138272355.0,7090890.0
2024-03-02,비정기_라플_sms_자동_행사 참여 방법 안내,비정기,라플,sms,자동,인기 아이템 소개,1166,1154,0,0,229530.6,34620.0
2024-03-02,비정기_라플_push_자동_인기 아이템 소개,비정기,라플,push,자동,할인 코드 발급,31,31,0,21,0.0,
2024-03-02,비정기_라플_push_자동_할인 코드 발급,비정기,라플,push,자동,행사 참여 방법 안내,54687,54657,0,9306,6812718.0,
2024-03-02,비정기_라플_push_자동_행사 참여 방법 안내,비정기,라플,push,자동,매장 방문 안내,163056,162940,0,32685,33959100.0,
2024-03-02,정기_신규고객_iam_수동_매장 방문 안내,정기,신규고객,iam,수동,봄 패션 스타일,0,0,28458,0,171983079.0,
2024-03-03,비정기_신상품_kakao_자동_봄 패션 스타일,비정기,신상품,kakao,자동,봄 패션 스타일,558,553,0,0,79300.2,8295.0
2024-03-03,비정기_신상품_push_자동_봄 패션 스타일,비정기,신상품,push,자동,연말 패션 혜택,331,331,0,88,0.0,
2024-03-04,비정기_콘텐츠_kakao_자동_연말 패션 혜택,비정기,콘텐츠,kakao,자동,연말 패션 혜택,2065,2045,0,0,200001.0,30675.0
2024-03-04,비정기_콘텐츠_push_자동_연말 패션 혜택,비정기,콘텐츠,push,자동,매장 방문 기념 이벤트,967,966,0,218,1577814.0,
2024-03-04,비정기_신상품_sms_자동_매장 방문 기념 이벤트,비정기,신상품,sms,자동,매장 방문 기념 이벤트,6,6,0,0,478.8,180.0
2024-03-04,비정기_신상품_push_자동_매장 방문 기념 이벤트,비정기,신상품,push,자동,신상품 런칭 알림,6510,6504,0,778,10485888.0,
2024-03-06,비정기_타겟팅_iam_수동_신상품 런칭 알림,비정기,타겟팅,iam,수동,월간 스타일 업데이트,0,0,100034,0,1107940087.0,
2024-03-07,비정기_콘텐츠_kakao_자동_월간 스타일 업데이트,비정기,콘텐츠,kakao,자동,월간 스타일 업데이트,22643,22417,0,0,5968526.25,336255.0
2024-03-07,비정기_콘텐츠_push_자동_월간 스타일 업데이트,비정기,콘텐츠,push,자동,패션 트렌드 미리 보기,14532,14532,0,1387,2495584.0,
2024-03-08,비정기_콘텐츠_kakao_자동_패션 트렌드 미리 보기,비정기,콘텐츠,kakao,자동,다가오는 할인 특가,11140,11029,0,0,2359103.1,165435.0
2024-03-08,비정기_콘텐츠_kakao_자동_다가오는 할인 특가,비정기,콘텐츠,kakao,자동,맞춤 스타일 가이드,57210,56638,0,0,6754081.5,849570.0
2024-03-08,비정기_콘텐츠_kakao_자동_맞춤 스타일 가이드,비정기,콘텐츠,kakao,자동,패션 트렌드 미리 보기,12358,12234,0,0,2055312.0,183510.0
2024-03-08,비정기_콘텐츠_push_자동_패션 트렌드 미리 보기,비정기,콘텐츠,push,자동,다가오는 할인 특가,6412,6412,0,525,1096680.0,
2024-03-08,비정기_콘텐츠_push_자동_다가오는 할인 특가,비정기,콘텐츠,push,자동,맞춤 스타일 가이드,6282,6273,0,236,3103430.0,
2024-03-08,비정기_콘텐츠_push_자동_맞춤 스타일 가이드,비정기,콘텐츠,push,자동,인기 아이템 추천,7969,7965,0,475,824316.0,
2024-03-08,비정기_신상품_kakao_자동_인기 아이템 추천,비정기,신상품,kakao,자동,인기 아이템 추천,60522,59918,0,0,6543045.6,898770.0
2024-03-08,비정기_신상품_sms_자동_인기 아이템 추천,비정기,신상품,sms,자동,인기 아이템 추천,6,6,0,0,669.6,180.0
2024-03-08,비정기_신상품_push_자동_인기 아이템 추천,비정기,신상품,push,자동,매장 방문 안내,6239,6228,0,619,3300779.0,
2024-03-09,비정기_신상품_iam_수동_매장 방문 안내,비정기,신상품,iam,수동,액세서리 할인 특가,0,0,7084,0,155061312.0,
2024-03-09,비정기_신상품_kakao_자동_액세서리 할인 특가,비정기,신상품,kakao,자동,액세서리 할인 특가,890,882,0,0,240256.8,13230.0
2024-03-09,비정기_신상품_push_자동_액세서리 할인 특가,비정기,신상품,push,자동,신상 캠핑용품 소식,280,280,0,61,1661280.0,
2024-03-09,비정기_기타_kakao_자동_신상 캠핑용품 소식,비정기,기타,kakao,자동,신상 캠핑용품 소식,437257,432884,0,0,21557623.2,6493260.0
2024-03-09,비정기_기타_push_자동_신상 캠핑용품 소식,비정기,기타,push,자동,캠핑용품 할인 혜택,176431,176382,0,9345,5746468.0,
2024-03-10,비정기_콘텐츠_iam_자동_캠핑용품 할인 혜택,비정기,콘텐츠,iam,자동,남성용 스포츠 브랜드,0,0,110806,0,413543573.0,
2024-03-10,비정기_콘텐츠_kakao_수동_남성용 스포츠 브랜드,비정기,콘텐츠,kakao,수동,캠핑용품 할인 혜택,341,338,0,0,40103.7,5070.0
2024-03-10,비정기_콘텐츠_kakao_자동_캠핑용품 할인 혜택,비정기,콘텐츠,kakao,자동,캠핑용품 할인 혜택,439978,435579,0,0,52922848.5,6533685.0
2024-03-10,비정기_콘텐츠_sms_자동_캠핑용품 할인 혜택,비정기,콘텐츠,sms,자동,캠핑용품 할인 혜택,115952,114792,0,0,25105010.4,3443760.0
2024-03-10,비정기_콘텐츠_push_자동_캠핑용품 할인 혜택,비정기,콘텐츠,push,자동,여성용 스포츠 브랜드,160977,160723,0,3008,925616.0,
2024-03-10,비정기_신상품_kakao_자동_여성용 스포츠 브랜드,비정기,신상품,kakao,자동,편안한 캠핑 스타일,243,241,0,0,22376.85,3615.0
2024-03-10,비정기_신상품_kakao_자동_편안한 캠핑 스타일,비정기,신상품,kakao,자동,캠핑 용품 업데이트,13726,13589,0,0,1245431.85,203835.0
2024-03-10,비정기_신상품_kakao_자동_캠핑 용품 업데이트,비정기,신상품,kakao,자동,여성용 스포츠 브랜드,778,770,0,0,140679.0,11550.0
2024-03-10,비정기_신상품_push_자동_여성용 스포츠 브랜드,비정기,신상품,push,자동,편안한 캠핑 스타일,79,79,0,15,0.0,
2024-03-10,비정기_신상품_push_자동_편안한 캠핑 스타일,비정기,신상품,push,자동,캠핑 용품 업데이트,6347,6342,0,763,421120.0,
2024-03-10,비정기_신상품_push_자동_캠핑 용품 업데이트,비정기,신상품,push,자동,패션 업데이트 소식,328,328,0,66,0.0,
2024-03-11,비정기_콘텐츠_iam_수동_패션 업데이트 소식,비정기,콘텐츠,iam,수동,패션 업데이트 소식,0,0,185914,0,608711057.0,
2024-03-11,비정기_콘텐츠_kakao_자동_패션 업데이트 소식,비정기,콘텐츠,kakao,자동,남성용 스포츠 브랜드,480095,475295,0,0,28731582.75,7129425.0
2024-03-11,비정기_콘텐츠_sms_수동_남성용 스포츠 브랜드,비정기,콘텐츠,sms,수동,패션 업데이트 소식,104,103,0,0,8157.6,3090.0
2024-03-11,비정기_콘텐츠_sms_자동_패션 업데이트 소식,비정기,콘텐츠,sms,자동,남성용 스포츠 브랜드,29,29,0,0,5994.3,870.0
2024-03-11,비정기_콘텐츠_push_수동_남성용 스포츠 브랜드,비정기,콘텐츠,push,수동,패션 업데이트 소식,112,112,0,10,0.0,
2024-03-11,비정기_콘텐츠_push_자동_패션 업데이트 소식,비정기,콘텐츠,push,자동,매장 이용 안내,169028,168931,0,4293,1223700.0,
2024-03-13,비정기_콘텐츠_iam_수동_매장 이용 안내,비정기,콘텐츠,iam,수동,특별 회원 혜택,0,0,903,0,8912900.0,
2024-03-13,비정기_신상품_iam_수동_특별 회원 혜택,비정기,신상품,iam,수동,맞춤 스타일 팁,0,0,3114,0,12909937.0,
2024-03-13,비정기_신상품_iam_수동_맞춤 스타일 팁,비정기,신상품,iam,수동,인기 아이템 소식,0,0,19999,0,160749113.0,
2024-03-13,비정기_신상품_kakao_자동_인기 아이템 소식,비정기,신상품,kakao,자동,신상품 할인 정보,2510,2485,0,0,172583.25,37275.0
2024-03-13,비정기_신상품_kakao_자동_신상품 할인 정보,비정기,신상품,kakao,자동,매장 방문 행사,29,29,0,0,5041.65,435.0
2024-03-13,비정기_신상품_kakao_자동_매장 방문 행사,비정기,신상품,kakao,자동,인기 아이템 소식,480623,475818,0,0,105631596.0,7137270.0
2024-03-13,비정기_신상품_push_자동_인기 아이템 소식,비정기,신상품,push,자동,신상품 할인 정보,1450,1450,0,287,1139400.0,
2024-03-13,비정기_신상품_push_자동_신상품 할인 정보,비정기,신상품,push,자동,매장 방문 행사,24,24,0,6,0.0,
2024-03-13,비정기_신상품_push_자동_매장 방문 행사,비정기,신상품,push,자동,웹사이트 개선 소식,179866,179806,0,5700,3999840.0,
2024-03-14,비정기_콘텐츠_kakao_자동_웹사이트 개선 소식,비정기,콘텐츠,kakao,자동,웹사이트 개선 소식,8807,8720,0,0,1412640.0,130800.0
2024-03-14,비정기_콘텐츠_push_자동_웹사이트 개선 소식,비정기,콘텐츠,push,자동,할인 가격 업데이트,11437,11431,0,1372,1189888.0,
2024-03-14,비정기_신상품_kakao_자동_할인 가격 업데이트,비정기,신상품,kakao,자동,패션 뉴스 소식,338,335,0,0,52410.75,5025.0
2024-03-14,비정기_신상품_kakao_자동_패션 뉴스 소식,비정기,신상품,kakao,자동,할인 가격 업데이트,16947,16779,0,0,1067144.4,251685.0
2024-03-14,비정기_신상품_push_자동_할인 가격 업데이트,비정기,신상품,push,자동,패션 뉴스 소식,205,205,0,44,0.0,
2024-03-14,비정기_신상품_push_자동_패션 뉴스 소식,비정기,신상품,push,자동,할인 쿠폰 공지,6994,6991,0,713,435328.0,
2024-03-15,비정기_콘텐츠_kakao_자동_할인 쿠폰 공지,비정기,콘텐츠,kakao,자동,할인 쿠폰 공지,59302,58710,0,0,8824113.0,880650.0
2024-03-15,비정기_콘텐츠_sms_자동_할인 쿠폰 공지,비정기,콘텐츠,sms,자동,할인 쿠폰 공지,3,3,0,0,206.1,90.0
2024-03-15,비정기_콘텐츠_push_자동_할인 쿠폰 공지,비정기,콘텐츠,push,자동,매장 방문 혜택,5780,5775,0,277,1119378.0,
2024-03-15,비정기_신상품_kakao_자동_매장 방문 혜택,비정기,신상품,kakao,자동,인기 브랜드 아이템,307,305,0,0,36051.0,4575.0
2024-03-15,비정기_신상품_kakao_자동_인기 브랜드 아이템,비정기,신상품,kakao,자동,매장 방문 혜택,11930,11811,0,0,949604.4,177165.0
2024-03-15,비정기_신상품_push_자동_매장 방문 혜택,비정기,신상품,push,자동,인기 브랜드 아이템,188,188,0,20,0.0,
2024-03-15,비정기_신상품_push_자동_인기 브랜드 아이템,비정기,신상품,push,자동,오늘의 스타일 팁,5367,5365,0,514,2210880.0,
2024-03-16,비정기_콘텐츠_iam_수동_오늘의 스타일 팁,비정기,콘텐츠,iam,수동,패션 트렌드 소식,0,0,72316,0,258007678.0,
2024-03-16,비정기_콘텐츠_kakao_자동_패션 트렌드 소식,비정기,콘텐츠,kakao,자동,패션 트렌드 소식,490530,485625,0,0,78307031.25,7284375.0
2024-03-16,비정기_콘텐츠_push_자동_패션 트렌드 소식,비정기,콘텐츠,push,자동,신상품 예고 소식,156554,156455,0,9755,5769360.0,
2024-03-16,비정기_신상품_iam_수동_신상품 예고 소식,비정기,신상품,iam,수동,신상품 예고 소식,0,0,9118,0,163652311.0,
2024-03-16,비정기_신상품_kakao_자동_신상품 예고 소식,비정기,신상품,kakao,자동,신상품 예고 소식,24259,24017,0,0,2680297.2,360255.0
2024-03-16,비정기_신상품_sms_자동_신상품 예고 소식,비정기,신상품,sms,자동,신상품 예고 소식,5,5,0,0,226.5,150.0
2024-03-16,비정기_신상품_push_자동_신상품 예고 소식,비정기,신상품,push,자동,매장 방문 안내,3532,3528,0,421,2262712.0,
2024-03-17,비정기_콘텐츠_iam_수동_매장 방문 안내,비정기,콘텐츠,iam,수동,신규 회원 혜택,0,0,24,0,835240.0,
2024-03-17,비정기_콘텐츠_iam_수동_신규 회원 혜택,비정기,콘텐츠,iam,수동,모바일 앱 업데이트,0,0,211,0,1161088.0,
2024-03-17,비정기_콘텐츠_kakao_자동_모바일 앱 업데이트,비정기,콘텐츠,kakao,자동,모바일 앱 업데이트,104,104,0,0,20155.2,1560.0
2024-03-17,비정기_콘텐츠_push_자동_모바일 앱 업데이트,비정기,콘텐츠,push,자동,신규 회원 혜택,48,48,0,2,0.0,
2024-03-17,비정기_콘텐츠_push_자동_신규 회원 혜택,비정기,콘텐츠,push,자동,패션 페스티벌 공지,348,348,0,54,0.0,
2024-03-17,정기_신규고객_iam_수동_패션 페스티벌 공지,정기,신규고객,iam,수동,모바일 앱 업데이트,0,0,2341,0,49999865.0,
2024-03-18,비정기_콘텐츠_sms_자동_모바일 앱 업데이트,비정기,콘텐츠,sms,자동,다가오는 스페셜 이벤트,45,45,0,0,10273.5,1350.0
2024-03-20,비정기_신상품_kakao_자동_다가오는 스페셜 이벤트,비정기,신상품,kakao,자동,봄 시즌 패션 추천,346,342,0,0,58841.1,5130.0
2024-03-20,비정기_신상품_kakao_자동_봄 시즌 패션 추천,비정기,신상품,kakao,자동,여름 아이템 특가,899,890,0,0,150721.5,13350.0
2024-03-20,비정기_신상품_kakao_자동_여름 아이템 특가,비정기,신상품,kakao,자동,온라인 쇼핑 안내,14204,14062,0,0,3594247.2,210930.0
2024-03-20,비정기_신상품_kakao_자동_온라인 쇼핑 안내,비정기,신상품,kakao,자동,다가오는 스페셜 이벤트,669,663,0,0,128091.6,9945.0
2024-03-20,비정기_신상품_push_자동_다가오는 스페셜 이벤트,비정기,신상품,push,자동,봄 시즌 패션 추천,323,323,0,46,0.0,
2024-03-20,비정기_신상품_push_자동_봄 시즌 패션 추천,비정기,신상품,push,자동,여름 아이템 특가,141,141,0,30,0.0,
2024-03-20,비정기_신상품_push_자동_여름 아이템 특가,비정기,신상품,push,자동,온라인 쇼핑 안내,7232,7230,0,1103,4327512.0,
2024-03-20,비정기_신상품_push_자동_온라인 쇼핑 안내,비정기,신상품,push,자동,신상품 업데이트 정보,86,86,0,13,0.0,
2024-03-21,비정기_신상품_kakao_자동_신상품 업데이트 정보,비정기,신상품,kakao,자동,맞춤 스타일 가이드,20412,20208,0,0,4467988.8,303120.0
2024-03-21,비정기_신상품_kakao_자동_맞춤 스타일 가이드,비정기,신상품,kakao,자동,신상품 업데이트 정보,167,166,0,0,38918.7,2490.0
2024-03-21,비정기_신상품_push_자동_신상품 업데이트 정보,비정기,신상품,push,자동,맞춤 스타일 가이드,7126,7126,0,491,1040208.0,
2024-03-21,비정기_신상품_push_자동_맞춤 스타일 가이드,비정기,신상품,push,자동,패션 아이템 특가,13,13,0,2,0.0,
2024-03-22,비정기_신상품_kakao_자동_패션 아이템 특가,비정기,신상품,kakao,자동,신상품 리뷰 소식,1497,1483,0,0,393514.05,22245.0
2024-03-22,비정기_신상품_kakao_자동_신상품 리뷰 소식,비정기,신상품,kakao,자동,패션 아이템 특가,3754,3717,0,0,223577.55,55755.0
2024-03-22,비정기_신상품_push_자동_패션 아이템 특가,비정기,신상품,push,자동,신상품 리뷰 소식,991,990,0,171,322502.0,
2024-03-22,비정기_신상품_push_자동_신상품 리뷰 소식,비정기,신상품,push,자동,패션 뉴 아이템 런칭,2324,2322,0,465,1214768.0,
2024-03-23,비정기_콘텐츠_kakao_자동_패션 뉴 아이템 런칭,비정기,콘텐츠,kakao,자동,패션 뉴 아이템 런칭,516030,510870,0,0,31495135.5,7663050.0
2024-03-23,비정기_콘텐츠_push_자동_패션 뉴 아이템 런칭,비정기,콘텐츠,push,자동,봄맞이 특별 혜택,170004,169970,0,8446,10431900.0,
2024-03-23,비정기_신상품_kakao_자동_봄맞이 특별 혜택,비정기,신상품,kakao,자동,신상품 도착 소식,12096,11975,0,0,3380542.5,179625.0
2024-03-23,비정기_신상품_kakao_자동_신상품 도착 소식,비정기,신상품,kakao,자동,월간 스타일 갱신,361,358,0,0,27601.8,5370.0
2024-03-23,비정기_신상품_kakao_자동_월간 스타일 갱신,비정기,신상품,kakao,자동,봄맞이 특별 혜택,10983,10873,0,0,2862317.25,163095.0
2024-03-23,비정기_신상품_push_자동_봄맞이 특별 혜택,비정기,신상품,push,자동,신상품 도착 소식,12896,12890,0,2499,2337660.0,
2024-03-23,비정기_신상품_push_자동_신상품 도착 소식,비정기,신상품,push,자동,월간 스타일 갱신,100,100,0,8,0.0,
2024-03-23,비정기_신상품_push_자동_월간 스타일 갱신,비정기,신상품,push,자동,패션 트렌드 미리 보기,3894,3894,0,324,0.0,
2024-03-24,비정기_신상품_kakao_자동_패션 트렌드 미리 보기,비정기,신상품,kakao,자동,다가오는 할인 특가,623,617,0,0,91069.2,9255.0
2024-03-24,비정기_신상품_kakao_자동_다가오는 할인 특가,비정기,신상품,kakao,자동,다가오는 할인 특가,452694,448168,0,0,127996780.8,6722520.0
2024-03-24,비정기_신상품_sms_자동_다가오는 할인 특가,비정기,신상품,sms,자동,패션 트렌드 미리 보기,68188,67506,0,0,14783814.0,2025180.0
2024-03-24,비정기_신상품_push_자동_패션 트렌드 미리 보기,비정기,신상품,push,자동,다가오는 할인 특가,430,430,0,124,156366.0,
2024-03-24,비정기_신상품_push_자동_다가오는 할인 특가,비정기,신상품,push,자동,인기 아이템 선보임,146781,146540,0,27152,1396650.0,
2024-03-27,비정기_신상품_iam_수동_인기 아이템 선보임,비정기,신상품,iam,수동,패션 브랜드 소식,0,0,83786,0,22505301.0,
2024-03-28,비정기_콘텐츠_iam_수동_액세서리 특별 할인,비정기,콘텐츠,iam,수동,액세서리 특별 할인,0,0,6151,0,107987256.0,
2024-03-28,비정기_콘텐츠_kakao_자동_액세서리 특별 할인,비정기,콘텐츠,kakao,자동,액세서리 특별 할인,56671,56105,0,0,16006756.5,841575.0
2024-03-28,비정기_콘텐츠_push_자동_액세서리 특별 할인,비정기,콘텐츠,push,자동,신상 캠핑용품 소식,6832,6817,0,479,595950.0,
2024-03-28,비정기_신상품_kakao_자동_신상 캠핑용품 소식,비정기,신상품,kakao,자동,캠핑용품 할인 혜택,3364,3330,0,0,567432.0,49950.0
2024-03-28,비정기_신상품_kakao_자동_캠핑용품 할인 혜택,비정기,신상품,kakao,자동,남성용 스포츠 특가,46,46,0,0,11833.5,690.0
2024-03-28,비정기_신상품_kakao_자동_남성용 스포츠 특가,비정기,신상품,kakao,자동,신상 캠핑용품 소식,186,184,0,0,23266.8,2760.0
2024-03-28,비정기_신상품_push_자동_신상 캠핑용품 소식,비정기,신상품,push,자동,캠핑용품 할인 혜택,1944,1943,0,657,597840.0,
2024-03-28,비정기_신상품_push_자동_캠핑용품 할인 혜택,비정기,신상품,push,자동,남성용 스포츠 특가,40,40,0,16,0.0,
2024-03-28,비정기_신상품_push_자동_남성용 스포츠 특가,비정기,신상품,push,자동,여성용 스포츠 특가,72,72,0,17,0.0,
2024-03-28,비정기_기타_kakao_자동_여성용 스포츠 특가,비정기,기타,kakao,자동,여성용 스포츠 특가,481977,477157,0,0,93761350.5,7157355.0
2024-03-28,비정기_기타_sms_자동_여성용 스포츠 특가,비정기,기타,sms,자동,여성용 스포츠 특가,34514,34170,0,0,5002488.0,1025100.0
2024-03-28,비정기_기타_push_자동_여성용 스포츠 특가,비정기,기타,push,자동,편안한 캠핑 스타일,167920,167732,0,31387,13980720.0,
2024-03-29,비정기_신상품_iam_수동_편안한 캠핑 스타일,비정기,신상품,iam,수동,웹 앱 안내 가이드,0,0,9486,0,143016832.0,
2024-03-30,비정기_신규고객_iam_수동_웹 앱 안내 가이드,비정기,신규고객,iam,수동,패션 업데이트 소식,0,0,4529,0,80143605.0,
2024-03-31,비정기_콘텐츠_kakao_자동_멤버십 회원 혜택,비정기,콘텐츠,kakao,자동,멤버십 회원 혜택,61054,60444,0,0,3082644.0,906660.0
2024-03-31,비정기_콘텐츠_push_자동_멤버십 회원 혜택,비정기,콘텐츠,push,자동,스타일 팁 공개,6047,6035,0,310,696698.0,
2024-04-01,비정기_프로모션_kakao_자동_스타일 팁 공개,비정기,프로모션,kakao,자동,스타일 팁 공개,229669,227373,0,0,42461907.75,3410595.0
2024-04-01,비정기_프로모션_sms_자동_스타일 팁 공개,비정기,프로모션,sms,자동,스타일 팁 공개,18579,18394,0,0,2306607.6,551820.0
2024-04-01,비정기_프로모션_push_자동_스타일 팁 공개,비정기,프로모션,push,자동,인기 아이템 라인업,77573,77557,0,3502,618543.0,
2024-04-03,비정기_콘텐츠_kakao_자동_인기 아이템 라인업,비정기,콘텐츠,kakao,자동,인기 아이템 라인업,64175,63534,0,0,13399320.6,953010.0
2024-04-03,비정기_콘텐츠_push_자동_인기 아이템 라인업,비정기,콘텐츠,push,자동,할인 정보 업데이트,5631,5630,0,435,3528840.0,
2024-04-03,비정기_신상품_kakao_자동_할인 정보 업데이트,비정기,신상품,kakao,자동,매장 방문 이벤트,7738,7661,0,0,1745558.85,114915.0
2024-04-03,비정기_신상품_kakao_자동_매장 방문 이벤트,비정기,신상품,kakao,자동,웹사이트 개선 소식,18374,18191,0,0,2614046.7,272865.0
2024-04-03,비정기_신상품_kakao_자동_웹사이트 개선 소식,비정기,신상품,kakao,자동,할인 정보 업데이트,15299,15146,0,0,2021991.0,227190.0
2024-04-03,비정기_신상품_push_자동_할인 정보 업데이트,비정기,신상품,push,자동,매장 방문 이벤트,2481,2476,0,443,4880700.0,
2024-04-03,비정기_신상품_push_자동_매장 방문 이벤트,비정기,신상품,push,자동,웹사이트 개선 소식,10064,10062,0,1081,40127180.0,
2024-04-03,비정기_신상품_push_자동_웹사이트 개선 소식,비정기,신상품,push,자동,스타일 팁 공개,7805,7802,0,854,55776104.0,
2024-04-03,비정기_프로모션_iam_수동_스타일 팁 공개,비정기,프로모션,iam,수동,할인 가격 업데이트,0,0,141639,0,5179591323.0,
2024-04-03,정기_타겟팅__수동_할인 가격 업데이트,정기,타겟팅,,수동,패션 뉴스 공개,12274,12270,0,2694,222639774.0,
2024-04-04,비정기_신상품_kakao_자동_패션 뉴스 공개,비정기,신상품,kakao,자동,패션 뉴스 공개,17897,17719,0,0,2724296.25,265785.0
2024-04-04,비정기_신상품_push_자동_패션 뉴스 공개,비정기,신상품,push,자동,할인 쿠폰 코드,9855,9846,0,900,50700800.0,
2024-04-04,정기_타겟팅__수동_할인 쿠폰 코드,정기,타겟팅,,수동,매장 방문 혜택,1889,1885,0,420,28796202.0,
2024-04-05,비정기_콘텐츠_kakao_자동_매장 방문 혜택,비정기,콘텐츠,kakao,자동,인기 브랜드 아이템,14601,14454,0,0,1875406.5,216810.0
2024-04-05,비정기_콘텐츠_kakao_자동_인기 브랜드 아이템,비정기,콘텐츠,kakao,자동,매장 방문 혜택,56796,56229,0,0,2800204.2,843435.0
2024-04-05,비정기_콘텐츠_push_자동_매장 방문 혜택,비정기,콘텐츠,push,자동,인기 브랜드 아이템,1080,1078,0,135,762600.0,
2024-04-05,비정기_콘텐츠_push_자동_인기 브랜드 아이템,비정기,콘텐츠,push,자동,오늘의 스타일 팁,6543,6533,0,269,480240.0,
2024-04-05,비정기_신상품_iam_수동_오늘의 스타일 팁,비정기,신상품,iam,수동,할인 이벤트 공지,0,0,8746,0,178387794.0,
2024-04-05,정기_타겟팅_iam_수동_할인 이벤트 공지,정기,타겟팅,iam,수동,매장 방문 안내,0,0,3338,0,65860472.0,
2024-04-05,정기_타겟팅_iam_수동_매장 방문 안내,정기,타겟팅,iam,수동,신규 회원 혜택,0,0,5909,0,62465936.0,
2024-04-05,정기_타겟팅_iam_수동_신규 회원 혜택,정기,타겟팅,iam,수동,모바일 앱 업데이트,0,0,1421,0,45999300.0,
2024-04-05,정기_타겟팅_iam_수동_모바일 앱 업데이트,정기,타겟팅,iam,수동,패션 페스티벌 공지,0,0,149,0,1756812.0,
2024-04-06,비정기_콘텐츠_iam_수동_패션 페스티벌 공지,비정기,콘텐츠,iam,수동,다가오는 스페셜 이벤트,0,0,72002,0,220408429.0,
2024-04-06,비정기_콘텐츠_kakao_자동_다가오는 스페셜 이벤트,비정기,콘텐츠,kakao,자동,봄 시즌 패션 추천,63334,62701,0,0,18255396.15,940515.0
2024-04-06,비정기_콘텐츠_kakao_자동_봄 시즌 패션 추천,비정기,콘텐츠,kakao,자동,다가오는 스페셜 이벤트,499453,494459,0,0,110066573.4,7416885.0
2024-04-06,비정기_콘텐츠_push_자동_다가오는 스페셜 이벤트,비정기,콘텐츠,push,자동,봄 시즌 패션 추천,5524,5516,0,315,336600.0,
2024-04-06,비정기_콘텐츠_push_자동_봄 시즌 패션 추천,비정기,콘텐츠,push,자동,온라인 쇼핑 안내,369305,368961,0,19964,18785498.0,
2024-04-07,비정기_콘텐츠_iam_수동_온라인 쇼핑 안내,비정기,콘텐츠,iam,수동,온라인 쇼핑 안내,0,0,7208,0,263552037.0,
2024-04-07,비정기_콘텐츠_kakao_자동_온라인 쇼핑 안내,비정기,콘텐츠,kakao,자동,온라인 쇼핑 안내,57474,56899,0,0,14534849.55,853485.0
2024-04-07,비정기_콘텐츠_push_자동_온라인 쇼핑 안내,비정기,콘텐츠,push,자동,스타일 가이드 소식,6574,6566,0,296,756390.0,
2024-04-08,비정기_신상품_iam_수동_스타일 가이드 소식,비정기,신상품,iam,수동,스타일 가이드 소식,0,0,9238,0,118602072.0,
2024-04-08,비정기_신상품_kakao_자동_스타일 가이드 소식,비정기,신상품,kakao,자동,스타일 가이드 소식,61816,61198,0,0,7077548.7,917970.0
2024-04-08,비정기_신상품_push_자동_스타일 가이드 소식,비정기,신상품,push,자동,패션 아이템 특가,6055,6048,0,539,6221805.0,
2024-04-10,비정기_신상품_iam_수동_패션 아이템 특가,비정기,신상품,iam,수동,패션 아이템 특가,0,0,185388,0,264874179.0,
2024-04-10,비정기_신상품_sms_자동_패션 아이템 특가,비정기,신상품,sms,자동,매장 방문 특가 이벤트,193132,191202,0,0,25869630.6,5736060.0
2024-04-10,비정기_신상품_push_자동_매장 방문 특가 이벤트,비정기,신상품,push,자동,회원 가입 혜택,659,656,0,110,425940.0,
2024-04-10,비정기_라플_iam_수동_회원 가입 혜택,비정기,라플,iam,수동,다가오는 할인 소식,0,0,104572,0,220241339.0,
2024-04-11,비정기_콘텐츠_iam_수동_다가오는 할인 소식,비정기,콘텐츠,iam,수동,다가오는 할인 소식,0,0,188162,0,157193324.0,
2024-04-11,비정기_콘텐츠_kakao_자동_다가오는 할인 소식,비정기,콘텐츠,kakao,자동,패션 브랜드 특집,234898,232550,0,0,34777852.5,3488250.0
2024-04-11,비정기_콘텐츠_kakao_자동_패션 브랜드 특집,비정기,콘텐츠,kakao,자동,캠핑 용품 특가 혜택,1402,1388,0,0,394122.6,20820.0
2024-04-11,비정기_콘텐츠_kakao_자동_캠핑 용품 특가 혜택,비정기,콘텐츠,kakao,자동,다가오는 할인 소식,371,368,0,0,28428.0,5520.0
2024-04-11,비정기_콘텐츠_push_자동_다가오는 할인 소식,비정기,콘텐츠,push,자동,패션 브랜드 특집,83258,83211,0,14131,34435296.0,
2024-04-11,비정기_콘텐츠_push_자동_패션 브랜드 특집,비정기,콘텐츠,push,자동,폴더블 가방 할인,2446,2444,0,670,668040.0,
2024-04-11,비정기_신상품_iam_수동_폴더블 가방 할인,비정기,신상품,iam,수동,신상품 런칭 예고,0,0,4710,0,56618240.0,
2024-04-11,비정기_신상품_kakao_자동_신상품 런칭 예고,비정기,신상품,kakao,자동,폴더블 가방 할인,13843,13706,0,0,1009446.9,205590.0
2024-04-11,비정기_신상품_kakao_자동_폴더블 가방 할인,비정기,신상품,kakao,자동,매장 방문 특가 이벤트,29868,29569,0,0,4532927.7,443535.0
2024-04-11,비정기_신상품_kakao_자동_매장 방문 특가 이벤트,비정기,신상품,kakao,자동,매장 방문 특가 이벤트,1824,1807,0,0,221447.85,27105.0
2024-04-11,비정기_신상품_sms_자동_매장 방문 특가 이벤트,비정기,신상품,sms,자동,신상품 런칭 예고,1126,1115,0,0,257565.0,33450.0
2024-04-11,비정기_신상품_push_자동_신상품 런칭 예고,비정기,신상품,push,자동,폴더블 가방 할인,5459,5456,0,650,1160640.0,
2024-04-11,비정기_신상품_push_자동_폴더블 가방 할인,비정기,신상품,push,자동,스타일 선택 가능,3336,3332,0,309,318036.0,
2024-04-11,비정기_라플_kakao_수동_스타일 선택 가능,비정기,라플,kakao,수동,특별 프로모션 공지,135,134,0,0,19175.4,2010.0
2024-04-11,비정기_라플_kakao_자동_특별 프로모션 공지,비정기,라플,kakao,자동,회원 가입 혜택,25661,25405,0,0,4405227.0,381075.0
2024-04-11,비정기_라플_kakao_자동_회원 가입 혜택,비정기,라플,kakao,자동,특별 프로모션 공지,428487,424203,0,0,104035785.75,6363045.0
2024-04-11,비정기_라플_sms_자동_특별 프로모션 공지,비정기,라플,sms,자동,회원 가입 혜택,1,1,0,0,158.4,30.0
2024-04-11,비정기_라플_sms_자동_회원 가입 혜택,비정기,라플,sms,자동,스타일 선택 가능,23921,23682,0,0,1975078.8,710460.0
2024-04-11,비정기_라플_push_수동_스타일 선택 가능,비정기,라플,push,수동,신상품 발매 알림,111,111,0,47,16504110.0,
2024-04-11,비정기_라플_push_수동_신상품 발매 알림,비정기,라플,push,수동,특별 프로모션 공지,25441,25432,0,8860,15784944.0,
2024-04-11,비정기_라플_push_자동_특별 프로모션 공지,비정기,라플,push,자동,회원 가입 혜택,1348,1348,0,661,334650.0,
2024-04-11,비정기_라플_push_자동_회원 가입 혜택,비정기,라플,push,자동,캠핑 용품 특가 혜택,137360,137207,0,24022,40428234.0,
2024-04-12,비정기_콘텐츠_push_수동_캠핑 용품 특가 혜택,비정기,콘텐츠,push,수동,편안한 패션 아이템,106,106,0,7,0.0,
2024-04-12,비정기_신상품_kakao_자동_편안한 패션 아이템,비정기,신상품,kakao,자동,편안한 패션 아이템,28552,28267,0,0,4765816.2,424005.0
2024-04-12,비정기_신상품_push_자동_편안한 패션 아이템,비정기,신상품,push,자동,다가오는 패션 이벤트,12196,12189,0,947,3372896.0,
2024-04-13,비정기_콘텐츠_kakao_자동_다가오는 패션 이벤트,비정기,콘텐츠,kakao,자동,다가오는 패션 이벤트,506189,501127,0,0,24505110.3,7516905.0
2024-04-13,비정기_콘텐츠_push_자동_다가오는 패션 이벤트,비정기,콘텐츠,push,자동,여성용 액세서리 할인,168041,167984,0,5631,1540032.0,
2024-04-14,비정기_콘텐츠_kakao_자동_여성용 액세서리 할인,비정기,콘텐츠,kakao,자동,여성용 액세서리 할인,64045,63405,0,0,6790675.5,951075.0
2024-04-14,비정기_콘텐츠_push_자동_여성용 액세서리 할인,비정기,콘텐츠,push,자동,맞춤 쇼핑 추천,6534,6527,0,517,3423856.0,
2024-04-14,비정기_신상품_kakao_자동_맞춤 쇼핑 추천,비정기,신상품,kakao,자동,맞춤 쇼핑 추천,2901,2872,0,0,416583.6,43080.0
2024-04-14,비정기_신상품_push_자동_맞춤 쇼핑 추천,비정기,신상품,push,자동,남성용 액세서리 특가,1381,1381,0,145,0.0,
2024-04-17,비정기_신상품_kakao_자동_남성용 액세서리 특가,비정기,신상품,kakao,자동,모바일 앱 혜택,17337,17165,0,0,3578902.5,257475.0
2024-04-17,비정기_신상품_kakao_자동_모바일 앱 혜택,비정기,신상품,kakao,자동,남성용 액세서리 특가,237379,235005,0,0,36449275.5,3525075.0
2024-04-17,비정기_신상품_push_자동_남성용 액세서리 특가,비정기,신상품,push,자동,모바일 앱 혜택,6372,6371,0,561,265290.0,
2024-04-17,비정기_신상품_push_자동_모바일 앱 혜택,비정기,신상품,push,자동,특별 패션 브랜드,68746,68728,0,11284,2381714.0,
2024-04-18,비정기_신상품_kakao_자동_특별 패션 브랜드,비정기,신상품,kakao,자동,특별 패션 브랜드,3356,3323,0,0,446112.75,49845.0
2024-04-18,비정기_신상품_push_자동_특별 패션 브랜드,비정기,신상품,push,자동,매장 방문 이벤트 소식,1423,1423,0,165,0.0,
2024-04-18,비정기_프로모션_iam_수동_매장 방문 이벤트 소식,비정기,프로모션,iam,수동,최신 스타일 업데이트,0,0,918,0,3914874.0,
2024-04-18,비정기_프로모션_iam_수동_최신 스타일 업데이트,비정기,프로모션,iam,수동,매장 방문 이벤트 소식,0,0,858,0,2611386.0,
2024-04-18,비정기_프로모션_kakao_자동_매장 방문 이벤트 소식,비정기,프로모션,kakao,자동,최신 스타일 업데이트,642,636,0,0,130698.0,9540.0
2024-04-18,비정기_프로모션_kakao_자동_최신 스타일 업데이트,비정기,프로모션,kakao,자동,매장 방문 이벤트 소식,586,581,0,0,57606.15,8715.0
2024-04-18,비정기_프로모션_push_자동_매장 방문 이벤트 소식,비정기,프로모션,push,자동,최신 스타일 업데이트,482,481,0,64,619960.0,
2024-04-18,비정기_프로모션_push_자동_최신 스타일 업데이트,비정기,프로모션,push,자동,패션 아이템 소개,538,536,0,70,0.0,
2024-04-19,비정기_콘텐츠_kakao_자동_패션 아이템 소개,비정기,콘텐츠,kakao,자동,패션 아이템 소개,31250,30938,0,0,4844890.8,464070.0
2024-04-19,비정기_콘텐츠_push_자동_패션 아이템 소개,비정기,콘텐츠,push,자동,세일 가격 정보,3443,3440,0,160,359996.0,
2024-04-19,비정기_신상품_kakao_자동_세일 가격 정보,비정기,신상품,kakao,자동,세일 가격 정보,16800,16633,0,0,3752404.8,249495.0
2024-04-19,비정기_신상품_push_자동_세일 가격 정보,비정기,신상품,push,자동,패션 추천 아이템,6233,6231,0,496,2298681.0,
2024-04-19,비정기_기타_kakao_자동_패션 추천 아이템,비정기,기타,kakao,자동,패션 추천 아이템,229752,227454,0,0,25213275.9,3411810.0
2024-04-19,비정기_기타_push_자동_패션 추천 아이템,비정기,기타,push,자동,할인 쿠폰 이벤트,79896,79882,0,2532,1368432.0,
2024-04-19,비정기_프로모션_iam_수동_할인 쿠폰 이벤트,비정기,프로모션,iam,수동,웹사이트 업데이트 공지,0,0,4167,0,16479810.0,
2024-04-19,정기_신규고객_iam_수동_웹사이트 업데이트 공지,정기,신규고객,iam,수동,오늘의 특가 상품,0,0,62433,0,76726659.0,
2024-04-19,정기_신규고객_iam_수동_오늘의 특가 상품,정기,신규고객,iam,수동,신상품 정보 안내,0,0,5050,0,34006808.0,
2024-04-20,비정기_신상품_kakao_자동_신상품 정보 안내,비정기,신상품,kakao,자동,신상품 정보 안내,16717,16550,0,0,2904525.0,248250.0
2024-04-20,비정기_신상품_push_자동_신상품 정보 안내,비정기,신상품,push,자동,스타일 가이드 업데이트,6253,6251,0,431,1028448.0,
2024-04-21,비정기_콘텐츠_kakao_자동_스타일 가이드 업데이트,비정기,콘텐츠,kakao,자동,스타일 가이드 업데이트,222636,220410,0,0,19869961.5,3306150.0
2024-04-21,비정기_콘텐츠_push_자동_스타일 가이드 업데이트,비정기,콘텐츠,push,자동,캠핑 특가 아이템,75744,75717,0,3606,1171007.0,
2024-04-21,비정기_신상품_kakao_자동_캠핑 특가 아이템,비정기,신상품,kakao,자동,캠핑 특가 아이템,55,55,0,0,10188.75,825.0
2024-04-21,비정기_신상품_push_자동_캠핑 특가 아이템,비정기,신상품,push,자동,,14,14,0,1,0.0,
